window_id,session_id,source_file,start_s,end_s,scheduled_label,quality_status,quality_reason,confidence_status,final_label,sample_count,max_gap_ms,clip_fraction,psd_resp_band,psd_total,snr_resp,variance_filtered,zero_crossings,spectral_entropy,peak_freq_hz,peak_power,pc1_var_explained,activity_log,breathing_activity_threshold
session_20260812_092121_breathing_off_breathing_off_w00000,session_20260812_092121_breathing_off_breathing_off,/Users/jandonyggarofalo/Documents/Desa/UNI/Semestre7/embebidos/esp-csi/examples/get-started/csi_send/data/raw/session_20260812_092121_breathing_off_breathing_off.csv,10.0,30.0,breathing_off,rejected,insufficient_samples,not_evaluated,,303,,,,,,,,,,,,,
session_20260812_092121_breathing_off_breathing_off_w00001,session_20260812_092121_breathing_off_breathing_off,/Users/jandonyggarofalo/Documents/Desa/UNI/Semestre7/embebidos/esp-csi/examples/get-started/csi_send/data/raw/session_20260812_092121_breathing_off_breathing_off.csv,15.0,35.0,breathing_off,rejected,insufficient_samples,not_evaluated,,768,,,,,,,,,,,,,
session_20260812_092121_breathing_off_breathing_off_w00002,session_20260812_092121_breathing_off_breathing_off,/Users/jandonyggarofalo/Documents/Desa/UNI/Semestre7/embebidos/esp-csi/examples/get-started/csi_send/data/raw/session_20260812_092121_breathing_off_breathing_off.csv,20.0,40.0,breathing_off,rejected,time_gap,not_evaluated,,1241,4784.286,,,,,,,,,,,,
session_20260812_092121_breathing_off_breathing_off_w00003,session_20260812_092121_breathing_off_breathing_off,/Users/jandonyggarofalo/Documents/Desa/UNI/Semestre7/embebidos/esp-csi/examples/get-started/csi_send/data/raw/session_20260812_092121_breathing_off_breathing_off.csv,25.0,45.0,breathing_off,accepted,,trusted_breathing,breathing,1709,85.288,0.00698965,79.09192629900855,1.433681547950633,55.16701139943583,32.25958570290105,10,1.5087755404654573,0.25,332.47856991091527,0.7936460375785828,1.8981321529951816,2.0766362090644215
session_20260812_092121_breathing_off_breathing_off_w00004,session_20260812_092121_breathing_off_breathing_off,/Users/jandonyggarofalo/Documents/Desa/UNI/Semestre7/embebidos/esp-csi/examples/get-started/csi_send/data/raw/session_20260812_092121_breathing_off_breathing_off.csv,30.0,50.0,breathing_off,rejected,time_gap,not_evaluated,,2000,110.187,,,,,,,,,,,,
session_20260812_092121_breathing_off_breathing_off_w00005,session_20260812_092121_breathing_off_breathing_off,/Users/jandonyggarofalo/Documents/Desa/UNI/Semestre7/embebidos/esp-csi/examples/get-started/csi_send/data/raw/session_20260812_092121_breathing_off_breathing_off.csv,35.0,55.0,breathing_off,rejected,time_gap,not_evaluated,,2006,110.187,,,,,,,,,,,,
session_20260812_092121_breathing_off_breathing_off_w00006,session_20260812_092121_breathing_off_breathing_off,/Users/jandonyggarofalo/Documents/Desa/UNI/Semestre7/embebidos/esp-csi/examples/get-started/csi_send/data/raw/session_20260812_092121_breathing_off_breathing_off.csv,40.0,60.0,breathing_off,rejected,time_gap,not_evaluated,,1983,275.83,,,,,,,,,,,,
session_20260812_092121_breathing_off_breathing_off_w00007,session_20260812_092121_breathing_off_breathing_off,/Users/jandonyggarofalo/Documents/Desa/UNI/Semestre7/embebidos/esp-csi/examples/get-started/csi_send/data/raw/session_20260812_092121_breathing_off_breathing_off.csv,45.0,65.0,breathing_off,rejected,time_gap,not_evaluated,,1962,275.83,,,,,,,,,,,,
session_20260812_092121_breathing_off_breathing_off_w00008,session_20260812_092121_breathing_off_breathing_off,/Users/jandonyggarofalo/Documents/Desa/UNI/Semestre7/embebidos/esp-csi/examples/get-started/csi_send/data/raw/session_20260812_092121_breathing_off_breathing_off.csv,50.0,70.0,breathing_off,rejected,time_gap,not_evaluated,,1954,275.83,,,,,,,,,,,,
session_20260812_092121_breathing_off_breathing_off_w00009,session_20260812_092121_breathing_off_breathing_off,/Users/jandonyggarofalo/Documents/Desa/UNI/Semestre7/embebidos/esp-csi/examples/get-started/csi_send/data/raw/session_20260812_092121_breathing_off_breathing_off.csv,55.0,75.0,breathing_off,rejected,time_gap,not_evaluated,,1946,275.83,,,,,,,,,,,,
session_20260812_092121_breathing_off_breathing_off_w00010,session_20260812_092121_breathing_off_breathing_off,/Users/jandonyggarofalo/Documents/Desa/UNI/Semestre7/embebidos/esp-csi/examples/get-started/csi_send/data/raw/session_20260812_092121_breathing_off_breathing_off.csv,60.0,80.0,breathing_off,rejected,time_gap,not_evaluated,,1964,186.413,,,,,,,,,,,,
session_20260812_092121_breathing_off_breathing_off_w00011,session_20260812_092121_breathing_off_breathing_off,/Users/jandonyggarofalo/Documents/Desa/UNI/Semestre7/embebidos/esp-csi/examples/get-started/csi_send/data/raw/session_20260812_092121_breathing_off_breathing_off.csv,65.0,85.0,breathing_off,accepted,,trusted_breathing,breathing,1978,88.053,0.00611808,124.131896699603,2.342321678022531,52.99523881124067,108.51184137446013,12,2.030034586275096,0.35000000000000003,289.39958650826856,0.7006781697273254,2.0938833913352526,2.0766362090644215
session_20260812_092121_breathing_off_breathing_off_w00012,session_20260812_092121_breathing_off_breathing_off,/Users/jandonyggarofalo/Documents/Desa/UNI/Semestre7/embebidos/esp-csi/examples/get-started/csi_send/data/raw/session_20260812_092121_breathing_off_breathing_off.csv,70.0,90.0,breathing_off,accepted,,trusted_breathing,breathing,1975,73.689,0.00589399,178.55901928949442,3.3656497350700363,53.05335770055279,69.18782107361356,11,1.8911231138363487,0.2,454.4166655733178,0.7126981019973755,2.251781791962177,2.0766362090644215
session_20260812_092121_breathing_off_breathing_off_w00013,session_20260812_092121_breathing_off_breathing_off,/Users/jandonyggarofalo/Documents/Desa/UNI/Semestre7/embebidos/esp-csi/examples/get-started/csi_send/data/raw/session_20260812_092121_breathing_off_breathing_off.csv,75.0,95.0,breathing_off,accepted,,trusted_breathing,breathing,1965,73.689,0.00528387,175.0854362612021,3.63383659250306,48.18197841432146,279.83796773077034,13,2.3031715278947598,0.2,357.08801884562024,0.7778488397598267,2.446906638166203,2.0766362090644215
session_20260812_092121_breathing_off_breathing_off_w00014,session_20260812_092121_breathing_off_breathing_off,/Users/jandonyggarofalo/Documents/Desa/UNI/Semestre7/embebidos/esp-csi/examples/get-started/csi_send/data/raw/session_20260812_092121_breathing_off_breathing_off.csv,80.0,100.0,breathing_off,accepted,,trusted_breathing,breathing,1956,73.689,0.00465315,110.9997986416068,2.0672224776947745,53.69513917308625,117.73000116265838,9,1.9701715745993547,0.2,313.7924049469935,0.7616917490959167,2.0708871483074778,2.0766362090644215
session_20260812_092121_breathing_off_breathing_off_w00015,session_20260812_092121_breathing_off_breathing_off,/Users/jandonyggarofalo/Documents/Desa/UNI/Semestre7/embebidos/esp-csi/examples/get-started/csi_send/data/raw/session_20260812_092121_breathing_off_breathing_off.csv,85.0,105.0,breathing_off,accepted,,trusted_breathing,breathing,1964,73.689,0.00330162,185.1333513935547,3.3619891427808306,55.06661191664906,74.56353239826788,14,2.0246352764446107,0.2,389.6608522273601,0.772118866443634,2.2674846630610936,2.0766362090644215
session_20260812_092121_breathing_off_breathing_off_w00016,session_20260812_092121_breathing_off_breathing_off,/Users/jandonyggarofalo/Documents/Desa/UNI/Semestre7/embebidos/esp-csi/examples/get-started/csi_send/data/raw/session_20260812_092121_breathing_off_breathing_off.csv,90.0,110.0,breathing_off,accepted,,trusted_breathing,breathing,1971,69.093,0.00315512,328.0905229332911,6.082008250887932,53.94443897463279,85.68179537788639,16,1.9597334071869907,0.25,860.4280145732607,0.8048067688941956,2.5159936857435015,2.0766362090644215
session_20260812_092121_breathing_off_breathing_off_w00017,session_20260812_092121_breathing_off_breathing_off,/Users/jandonyggarofalo/Documents/Desa/UNI/Semestre7/embebidos/esp-csi/examples/get-started/csi_send/data/raw/session_20260812_092121_breathing_off_breathing_off.csv,95.0,115.0,breathing_off,accepted,,trusted_breathing,breathing,1985,69.093,0.00373898,106.46132277047823,2.25254754349959,47.262630738985926,175.2232668386393,12,2.1601981568661155,0.25,300.7465946230642,0.7966926693916321,2.2435917730006394,2.0766362090644215
session_20260812_092121_breathing_off_breathing_off_w00018,session_20260812_092121_breathing_off_breathing_off,/Users/jandonyggarofalo/Documents/Desa/UNI/Semestre7/embebidos/esp-csi/examples/get-started/csi_send/data/raw/session_20260812_092121_breathing_off_breathing_off.csv,100.0,120.0,breathing_off,accepted,,trusted_breathing,breathing,1998,87.331,0.00399618,193.19368592800188,4.20268569574185,45.96910164462197,522.116376172681,10,2.086892384743083,0.1,578.8046166374838,0.7833002805709839,2.717767315064564,2.0766362090644215
session_20260812_092121_breathing_off_breathing_off_w00019,session_20260812_092121_breathing_off_breathing_off,/Users/jandonyggarofalo/Documents/Desa/UNI/Semestre7/embebidos/esp-csi/examples/get-started/csi_send/data/raw/session_20260812_092121_breathing_off_breathing_off.csv,105.0,125.0,breathing_off,accepted,,trusted_breathing,breathing,2006,87.331,0.00512914,71.6555758404056,1.4438870506933972,49.62685675859815,90.45816523540198,12,2.3377815190898406,0.35000000000000003,131.4371637293377,0.7599846124649048,1.9564477746964235,2.0766362090644215
session_20260812_092121_breathing_off_breathing_off_w00020,session_20260812_092121_breathing_off_breathing_off,/Users/jandonyggarofalo/Documents/Desa/UNI/Semestre7/embebidos/esp-csi/examples/get-started/csi_send/data/raw/session_20260812_092121_breathing_off_breathing_off.csv,110.0,130.0,breathing_off,rejected,time_gap,not_evaluated,,1950,634.495,,,,,,,,,,,,
session_20260812_092121_breathing_off_breathing_off_w00021,session_20260812_092121_breathing_off_breathing_off,/Users/jandonyggarofalo/Documents/Desa/UNI/Semestre7/embebidos/esp-csi/examples/get-started/csi_send/data/raw/session_20260812_092121_breathing_off_breathing_off.csv,115.0,135.0,breathing_off,rejected,time_gap,not_evaluated,,1681,634.495,,,,,,,,,,,,
session_20260812_092121_breathing_off_breathing_off_w00022,session_20260812_092121_breathing_off_breathing_off,/Users/jandonyggarofalo/Documents/Desa/UNI/Semestre7/embebidos/esp-csi/examples/get-started/csi_send/data/raw/session_20260812_092121_breathing_off_breathing_off.csv,120.0,140.0,breathing_off,rejected,time_gap,not_evaluated,,1177,634.495,,,,,,,,,,,,
session_20260812_092121_breathing_off_breathing_off_w00023,session_20260812_092121_breathing_off_breathing_off,/Users/jandonyggarofalo/Documents/Desa/UNI/Semestre7/embebidos/esp-csi/examples/get-started/csi_send/data/raw/session_20260812_092121_breathing_off_breathing_off.csv,125.0,145.0,breathing_off,rejected,time_gap,not_evaluated,,988,8524.205,,,,,,,,,,,,
session_20260812_092121_breathing_off_breathing_off_w00024,session_20260812_092121_breathing_off_breathing_off,/Users/jandonyggarofalo/Documents/Desa/UNI/Semestre7/embebidos/esp-csi/examples/get-started/csi_send/data/raw/session_20260812_092121_breathing_off_breathing_off.csv,130.0,150.0,breathing_off,rejected,time_gap,not_evaluated,,995,8524.205,,,,,,,,,,,,
session_20260812_092928_breathing_off_breathing_off_w00000,session_20260812_092928_breathing_off_breathing_off,/Users/jandonyggarofalo/Documents/Desa/UNI/Semestre7/embebidos/esp-csi/examples/get-started/csi_send/data/raw/session_20260812_092928_breathing_off_breathing_off.csv,10.0,30.0,breathing_off,rejected,time_gap,not_evaluated,,1066,320.835,,,,,,,,,,,,
session_20260812_092928_breathing_off_breathing_off_w00001,session_20260812_092928_breathing_off_breathing_off,/Users/jandonyggarofalo/Documents/Desa/UNI/Semestre7/embebidos/esp-csi/examples/get-started/csi_send/data/raw/session_20260812_092928_breathing_off_breathing_off.csv,15.0,35.0,breathing_off,rejected,time_gap,not_evaluated,,976,8569.395,,,,,,,,,,,,
session_20260812_092928_breathing_off_breathing_off_w00002,session_20260812_092928_breathing_off_breathing_off,/Users/jandonyggarofalo/Documents/Desa/UNI/Semestre7/embebidos/esp-csi/examples/get-started/csi_send/data/raw/session_20260812_092928_breathing_off_breathing_off.csv,20.0,40.0,breathing_off,rejected,time_gap,not_evaluated,,1053,8569.395,,,,,,,,,,,,
session_20260812_092928_breathing_off_breathing_off_w00003,session_20260812_092928_breathing_off_breathing_off,/Users/jandonyggarofalo/Documents/Desa/UNI/Semestre7/embebidos/esp-csi/examples/get-started/csi_send/data/raw/session_20260812_092928_breathing_off_breathing_off.csv,25.0,45.0,breathing_off,accepted,,trusted_breathing,breathing,1407,68.828,0.00036092,41.265746951008666,0.765272712987034,53.9229300230569,9.305647906225296,14,2.1014725490184434,0.45,79.14154131614998,0.7570979595184326,1.6155897106780264,1.2880771629677188
session_20260812_092928_breathing_off_breathing_off_w00004,session_20260812_092928_breathing_off_breathing_off,/Users/jandonyggarofalo/Documents/Desa/UNI/Semestre7/embebidos/esp-csi/examples/get-started/csi_send/data/raw/session_20260812_092928_breathing_off_breathing_off.csv,30.0,50.0,breathing_off,accepted,,trusted_breathing,breathing,1911,93.881,0.00061323,20.45491746257877,0.40354900635671337,50.68756740896829,13.717768660084946,16,1.963899240267569,0.45,59.4155882945022,0.7410117983818054,1.3107977314208763,1.2880771629677188
session_20260812_092928_breathing_off_breathing_off_w00005,session_20260812_092928_breathing_off_breathing_off,/Users/jandonyggarofalo/Documents/Desa/UNI/Semestre7/embebidos/esp-csi/examples/get-started/csi_send/data/raw/session_20260812_092928_breathing_off_breathing_off.csv,35.0,55.0,breathing_off,accepted,,trusted_breathing,breathing,1997,93.881,0.00075504,31.679163842056287,0.6382681329429162,49.63300250623651,35.93759152467049,9,2.198108223463793,0.45,76.63480724782211,0.6682643294334412,1.555548968081961,1.2880771629677188
session_20260812_092928_breathing_off_breathing_off_w00006,session_20260812_092928_breathing_off_breathing_off,/Users/jandonyggarofalo/Documents/Desa/UNI/Semestre7/embebidos/esp-csi/examples/get-started/csi_send/data/raw/session_20260812_092928_breathing_off_breathing_off.csv,40.0,60.0,breathing_off,accepted,,trusted_breathing,breathing,2004,93.881,0.00139565,26.829712215887245,0.5793425905094839,46.31061595565833,43.17329149304778,9,2.2472635151311167,0.4,51.240218214322326,0.6610703468322754,1.6352151601405365,1.2880771629677188
session_20260812_092928_breathing_off_breathing_off_w00007,session_20260812_092928_breathing_off_breathing_off,/Users/jandonyggarofalo/Documents/Desa/UNI/Semestre7/embebidos/esp-csi/examples/get-started/csi_send/data/raw/session_20260812_092928_breathing_off_breathing_off.csv,45.0,65.0,breathing_off,accepted,,trusted_breathing,breathing,2004,93.881,0.00244433,13.831886707401933,0.26435969919874247,52.32222138727342,19.5936421817172,15,2.01998418808094,0.25,37.29470979174782,0.6216773390769958,1.2921151727174496,1.2880771629677188
session_20260812_092928_breathing_off_breathing_off_w00008,session_20260812_092928_breathing_off_breathing_off,/Users/jandonyggarofalo/Documents/Desa/UNI/Semestre7/embebidos/esp-csi/examples/get-started/csi_send/data/raw/session_20260812_092928_breathing_off_breathing_off.csv,50.0,70.0,breathing_off,accepted,,trusted_breathing,breathing,2000,86.823,0.00269922,10.561092042093442,0.19664905798464893,53.70527654835839,6.450616684100986,12,1.8048470398714709,0.35000000000000003,32.757861492512845,0.6026229858398438,1.0237088276044757,1.2880771629677188
session_20260812_092928_breathing_off_breathing_off_w00009,session_20260812_092928_breathing_off_breathing_off,/Users/jandonyggarofalo/Documents/Desa/UNI/Semestre7/embebidos/esp-csi/examples/get-started/csi_send/data/raw/session_20260812_092928_breathing_off_breathing_off.csv,55.0,75.0,breathing_off,accepted,,trusted_breathing,breathing,2005,86.823,0.00362375,14.064374613110262,0.26950668779024356,52.18562377199466,13.11594060102848,13,1.904708972146967,0.35000000000000003,47.98300689912294,0.6535253524780273,1.1481204255795505,1.2880771629677188
session_20260812_092928_breathing_off_breathing_off_w00010,session_20260812_092928_breathing_off_breathing_off,/Users/jandonyggarofalo/Documents/Desa/UNI/Semestre7/embebidos/esp-csi/examples/get-started/csi_send/data/raw/session_20260812_092928_breathing_off_breathing_off.csv,60.0,80.0,breathing_off,accepted,,trusted_breathing,breathing,2009,86.823,0.00367876,21.40014282725291,0.39072827952941236,54.76988472135207,9.574209200083558,13,2.044863361301512,0.30000000000000004,43.58236062136969,0.6392608284950256,1.3304166718950432,1.2880771629677188
session_20260812_092928_breathing_off_breathing_off_w00011,session_20260812_092928_breathing_off_breathing_off,/Users/jandonyggarofalo/Documents/Desa/UNI/Semestre7/embebidos/esp-csi/examples/get-started/csi_send/data/raw/session_20260812_092928_breathing_off_breathing_off.csv,65.0,85.0,breathing_off,accepted,,trusted_breathing,breathing,2000,76.028,0.00303516,15.380607393456074,0.3067032742537602,50.148168228162824,18.123249620171602,14,2.060139892544432,0.4,40.68931319323511,0.6293091773986816,1.2582360722356403,1.2880771629677188
session_20260812_092928_breathing_off_breathing_off_w00012,session_20260812_092928_breathing_off_breathing_off,/Users/jandonyggarofalo/Documents/Desa/UNI/Semestre7/embebidos/esp-csi/examples/get-started/csi_send/data/raw/session_20260812_092928_breathing_off_breathing_off.csv,70.0,90.0,breathing_off,rejected,time_gap,not_evaluated,,1939,286.11,,,,,,,,,,,,
session_20260812_092928_breathing_off_breathing_off_w00013,session_20260812_092928_breathing_off_breathing_off,/Users/jandonyggarofalo/Documents/Desa/UNI/Semestre7/embebidos/esp-csi/examples/get-started/csi_send/data/raw/session_20260812_092928_breathing_off_breathing_off.csv,75.0,95.0,breathing_off,rejected,time_gap,not_evaluated,,1654,307.371,,,,,,,,,,,,
session_20260812_092928_breathing_off_breathing_off_w00014,session_20260812_092928_breathing_off_breathing_off,/Users/jandonyggarofalo/Documents/Desa/UNI/Semestre7/embebidos/esp-csi/examples/get-started/csi_send/data/raw/session_20260812_092928_breathing_off_breathing_off.csv,80.0,100.0,breathing_off,rejected,time_gap,not_evaluated,,1150,307.371,,,,,,,,,,,,
session_20260812_092928_breathing_off_breathing_off_w00015,session_20260812_092928_breathing_off_breathing_off,/Users/jandonyggarofalo/Documents/Desa/UNI/Semestre7/embebidos/esp-csi/examples/get-started/csi_send/data/raw/session_20260812_092928_breathing_off_breathing_off.csv,85.0,105.0,breathing_off,rejected,insufficient_samples,not_evaluated,,656,,,,,,,,,,,,,
session_20260812_092928_breathing_off_breathing_off_w00016,session_20260812_092928_breathing_off_breathing_off,/Users/jandonyggarofalo/Documents/Desa/UNI/Semestre7/embebidos/esp-csi/examples/get-started/csi_send/data/raw/session_20260812_092928_breathing_off_breathing_off.csv,90.0,110.0,breathing_off,rejected,insufficient_samples,not_evaluated,,250,,,,,,,,,,,,,
session_20260812_092928_breathing_off_breathing_off_w00017,session_20260812_092928_breathing_off_breathing_off,/Users/jandonyggarofalo/Documents/Desa/UNI/Semestre7/embebidos/esp-csi/examples/get-started/csi_send/data/raw/session_20260812_092928_breathing_off_breathing_off.csv,95.0,115.0,breathing_off,rejected,insufficient_samples,not_evaluated,,65,,,,,,,,,,,,,
session_20260812_092928_breathing_off_breathing_off_w00018,session_20260812_092928_breathing_off_breathing_off,/Users/jandonyggarofalo/Documents/Desa/UNI/Semestre7/embebidos/esp-csi/examples/get-started/csi_send/data/raw/session_20260812_092928_breathing_off_breathing_off.csv,100.0,120.0,breathing_off,rejected,insufficient_samples,not_evaluated,,97,,,,,,,,,,,,,
session_20260812_092928_breathing_off_breathing_off_w00019,session_20260812_092928_breathing_off_breathing_off,/Users/jandonyggarofalo/Documents/Desa/UNI/Semestre7/embebidos/esp-csi/examples/get-started/csi_send/data/raw/session_20260812_092928_breathing_off_breathing_off.csv,105.0,125.0,breathing_off,rejected,insufficient_samples,not_evaluated,,131,,,,,,,,,,,,,
session_20260812_092928_breathing_off_breathing_off_w00020,session_20260812_092928_breathing_off_breathing_off,/Users/jandonyggarofalo/Documents/Desa/UNI/Semestre7/embebidos/esp-csi/examples/get-started/csi_send/data/raw/session_20260812_092928_breathing_off_breathing_off.csv,110.0,130.0,breathing_off,rejected,insufficient_samples,not_evaluated,,98,,,,,,,,,,,,,
session_20260812_092928_breathing_off_breathing_off_w00021,session_20260812_092928_breathing_off_breathing_off,/Users/jandonyggarofalo/Documents/Desa/UNI/Semestre7/embebidos/esp-csi/examples/get-started/csi_send/data/raw/session_20260812_092928_breathing_off_breathing_off.csv,115.0,135.0,breathing_off,rejected,insufficient_samples,not_evaluated,,509,,,,,,,,,,,,,
session_20260812_092928_breathing_off_breathing_off_w00022,session_20260812_092928_breathing_off_breathing_off,/Users/jandonyggarofalo/Documents/Desa/UNI/Semestre7/embebidos/esp-csi/examples/get-started/csi_send/data/raw/session_20260812_092928_breathing_off_breathing_off.csv,120.0,140.0,breathing_off,rejected,time_gap,not_evaluated,,979,5722.475,,,,,,,,,,,,
session_20260812_092928_breathing_off_breathing_off_w00023,session_20260812_092928_breathing_off_breathing_off,/Users/jandonyggarofalo/Documents/Desa/UNI/Semestre7/embebidos/esp-csi/examples/get-started/csi_send/data/raw/session_20260812_092928_breathing_off_breathing_off.csv,125.0,145.0,breathing_off,rejected,time_gap,not_evaluated,,1436,120.92,,,,,,,,,,,,
session_20260812_092928_breathing_off_breathing_off_w00024,session_20260812_092928_breathing_off_breathing_off,/Users/jandonyggarofalo/Documents/Desa/UNI/Semestre7/embebidos/esp-csi/examples/get-started/csi_send/data/raw/session_20260812_092928_breathing_off_breathing_off.csv,130.0,150.0,breathing_off,rejected,time_gap,not_evaluated,,1933,120.92,,,,,,,,,,,,
session_20260812_092928_breathing_off_breathing_off_w00025,session_20260812_092928_breathing_off_breathing_off,/Users/jandonyggarofalo/Documents/Desa/UNI/Semestre7/embebidos/esp-csi/examples/get-started/csi_send/data/raw/session_20260812_092928_breathing_off_breathing_off.csv,135.0,155.0,breathing_off,accepted,,trusted_breathing,breathing,1974,70.665,0.0057822,30.73144479501421,0.5584319688267552,55.031671735278344,14.524919462596587,17,1.9521172554777246,0.25,74.81741658089388,0.7102386951446533,1.487582978471563,1.2880771629677188
session_20260812_092928_breathing_off_breathing_off_w00026,session_20260812_092928_breathing_off_breathing_off,/Users/jandonyggarofalo/Documents/Desa/UNI/Semestre7/embebidos/esp-csi/examples/get-started/csi_send/data/raw/session_20260812_092928_breathing_off_breathing_off.csv,140.0,160.0,breathing_off,accepted,,trusted_breathing,breathing,1973,70.665,0.00703244,20.280886837153478,0.38491659468278605,52.689042554308394,11.890512359174283,12,1.8771314871001425,0.25,56.57639003516031,0.7232108116149902,1.307086941788595,1.2880771629677188
session_20260812_092928_breathing_off_breathing_off_w00027,session_20260812_092928_breathing_off_breathing_off,/Users/jandonyggarofalo/Documents/Desa/UNI/Semestre7/embebidos/esp-csi/examples/get-started/csi_send/data/raw/session_20260812_092928_breathing_off_breathing_off.csv,145.0,165.0,breathing_off,accepted,,trusted_breathing,breathing,1994,70.665,0.00501896,19.35223636192159,0.37449966564885867,51.67490958460591,17.57155334038932,16,2.1145477111533513,0.5,59.13633338652866,0.7349123358726501,1.2867311597178084,1.2880771629677188
session_20260812_092928_breathing_off_breathing_off_w00028,session_20260812_092928_breathing_off_breathing_off,/Users/jandonyggarofalo/Documents/Desa/UNI/Semestre7/embebidos/esp-csi/examples/get-started/csi_send/data/raw/session_20260812_092928_breathing_off_breathing_off.csv,150.0,170.0,breathing_off,accepted,,trusted_breathing,breathing,1995,70.631,0.00352835,46.21569318870029,0.8854028419905513,52.1973625979634,43.90582256979607,15,1.904746767703411,0.45,147.10755618023876,0.7473422884941101,1.6647894713998894,1.2880771629677188
session_20260812_092928_breathing_off_breathing_off_w00029,session_20260812_092928_breathing_off_breathing_off,/Users/jandonyggarofalo/Documents/Desa/UNI/Semestre7/embebidos/esp-csi/examples/get-started/csi_send/data/raw/session_20260812_092928_breathing_off_breathing_off.csv,155.0,175.0,breathing_off,accepted,,trusted_breathing,breathing,2013,85.812,0.00278269,82.79804319290479,1.5125078114218526,54.74222517569325,33.78340850233944,14,1.4817112437520705,0.4,364.19964531223025,0.7636817693710327,1.9180200730099366,1.2880771629677188
session_20260812_093242_breathing_off_breathing_off_w00000,session_20260812_093242_breathing_off_breathing_off,/Users/jandonyggarofalo/Documents/Desa/UNI/Semestre7/embebidos/esp-csi/examples/get-started/csi_send/data/raw/session_20260812_093242_breathing_off_breathing_off.csv,10.0,30.0,breathing_off,accepted,,trusted_breathing,breathing,1955,73.817,0.00262148,43.978296033667036,0.8369755205504148,52.54430381033525,25.98740845188091,14,1.9484112666679907,0.4,105.59685618659415,0.7236292362213135,1.6432383983419279,1.3519811863202338
session_20260812_093242_breathing_off_breathing_off_w00001,session_20260812_093242_breathing_off_breathing_off,/Users/jandonyggarofalo/Documents/Desa/UNI/Semestre7/embebidos/esp-csi/examples/get-started/csi_send/data/raw/session_20260812_093242_breathing_off_breathing_off.csv,15.0,35.0,breathing_off,accepted,,trusted_breathing,breathing,1952,76.568,0.00343398,43.40515282886571,0.8845142492950642,49.07230478582958,47.70150602060497,14,2.042598332697485,0.45,126.1176562883293,0.7012400031089783,1.678532090698685,1.3519811863202338
session_20260812_093242_breathing_off_breathing_off_w00002,session_20260812_093242_breathing_off_breathing_off,/Users/jandonyggarofalo/Documents/Desa/UNI/Semestre7/embebidos/esp-csi/examples/get-started/csi_send/data/raw/session_20260812_093242_breathing_off_breathing_off.csv,20.0,40.0,breathing_off,accepted,,trusted_breathing,breathing,1948,76.568,0.0035453,13.5527666339431,0.2550142740127904,53.145129567179474,16.38131801698419,15,1.808407454763282,0.45,56.665807261321035,0.6935355067253113,1.214348841531577,1.3519811863202338
session_20260812_093242_breathing_off_breathing_off_w00003,session_20260812_093242_breathing_off_breathing_off,/Users/jandonyggarofalo/Documents/Desa/UNI/Semestre7/embebidos/esp-csi/examples/get-started/csi_send/data/raw/session_20260812_093242_breathing_off_breathing_off.csv,25.0,45.0,breathing_off,accepted,,trusted_breathing,breathing,1943,76.568,0.00413745,39.22850777139074,0.815445304755348,48.10685344875714,73.80444730960372,9,2.1646068391930955,0.1,81.0124508168415,0.68857741355896,1.8680825323356032,1.3519811863202338
session_20260812_093242_breathing_off_breathing_off_w00004,session_20260812_093242_breathing_off_breathing_off,/Users/jandonyggarofalo/Documents/Desa/UNI/Semestre7/embebidos/esp-csi/examples/get-started/csi_send/data/raw/session_20260812_093242_breathing_off_breathing_off.csv,30.0,50.0,breathing_off,accepted,,trusted_breathing,breathing,1943,87.153,0.0038198,47.97092859480499,1.1267265607214314,42.57548394354627,161.37985416046456,8,2.1248667133286046,0.1,129.87917594464054,0.7376439571380615,2.113539524457888,1.3519811863202338
session_20260812_093242_breathing_off_breathing_off_w00005,session_20260812_093242_breathing_off_breathing_off,/Users/jandonyggarofalo/Documents/Desa/UNI/Semestre7/embebidos/esp-csi/examples/get-started/csi_send/data/raw/session_20260812_093242_breathing_off_breathing_off.csv,35.0,55.0,breathing_off,accepted,,trusted_breathing,breathing,1948,87.153,0.00368166,16.43211566222679,0.349121545932367,47.067033970349705,21.91297035369444,14,2.1663657771278637,0.25,48.53506038709817,0.7714626789093018,1.3407012511701752,1.3519811863202338
session_20260812_093242_breathing_off_breathing_off_w00006,session_20260812_093242_breathing_off_breathing_off,/Users/jandonyggarofalo/Documents/Desa/UNI/Semestre7/embebidos/esp-csi/examples/get-started/csi_send/data/raw/session_20260812_093242_breathing_off_breathing_off.csv,40.0,60.0,breathing_off,accepted,,trusted_breathing,breathing,1950,87.153,0.00205929,14.513435901010698,0.28919958026747433,50.18484427791132,7.653511975878826,12,2.044217786958412,0.4,37.7959595150508,0.803328275680542,1.1617702391920737,1.3519811863202338
session_20260812_093242_breathing_off_breathing_off_w00007,session_20260812_093242_breathing_off_breathing_off,/Users/jandonyggarofalo/Documents/Desa/UNI/Semestre7/embebidos/esp-csi/examples/get-started/csi_send/data/raw/session_20260812_093242_breathing_off_breathing_off.csv,45.0,65.0,breathing_off,accepted,,trusted_breathing,breathing,1967,87.153,0.00226789,19.715584403066156,0.45126487083258054,43.68960598826882,42.22507262831206,12,2.226954667429906,0.4,67.941956107379,0.8334155082702637,1.6255704052424178,1.3519811863202338
session_20260812_093242_breathing_off_breathing_off_w00008,session_20260812_093242_breathing_off_breathing_off,/Users/jandonyggarofalo/Documents/Desa/UNI/Semestre7/embebidos/esp-csi/examples/get-started/csi_send/data/raw/session_20260812_093242_breathing_off_breathing_off.csv,50.0,70.0,breathing_off,accepted,,trusted_breathing,breathing,1980,59.693,0.00266335,28.466705858861992,0.5682920033004737,50.09168824035109,37.77396488472576,13,2.0088770879429383,0.4,99.96772081626297,0.805316686630249,1.5771925722563136,1.3519811863202338
session_20260812_093242_breathing_off_breathing_off_w00009,session_20260812_093242_breathing_off_breathing_off,/Users/jandonyggarofalo/Documents/Desa/UNI/Semestre7/embebidos/esp-csi/examples/get-started/csi_send/data/raw/session_20260812_093242_breathing_off_breathing_off.csv,55.0,75.0,breathing_off,rejected,time_gap,not_evaluated,,1976,115.448,,,,,,,,,,,,
session_20260812_093242_breathing_off_breathing_off_w00010,session_20260812_093242_breathing_off_breathing_off,/Users/jandonyggarofalo/Documents/Desa/UNI/Semestre7/embebidos/esp-csi/examples/get-started/csi_send/data/raw/session_20260812_093242_breathing_off_breathing_off.csv,60.0,80.0,breathing_off,rejected,time_gap,not_evaluated,,1969,115.448,,,,,,,,,,,,
session_20260812_093242_breathing_off_breathing_off_w00011,session_20260812_093242_breathing_off_breathing_off,/Users/jandonyggarofalo/Documents/Desa/UNI/Semestre7/embebidos/esp-csi/examples/get-started/csi_send/data/raw/session_20260812_093242_breathing_off_breathing_off.csv,65.0,85.0,breathing_off,rejected,time_gap,not_evaluated,,1958,115.448,,,,,,,,,,,,
session_20260812_093242_breathing_off_breathing_off_w00012,session_20260812_093242_breathing_off_breathing_off,/Users/jandonyggarofalo/Documents/Desa/UNI/Semestre7/embebidos/esp-csi/examples/get-started/csi_send/data/raw/session_20260812_093242_breathing_off_breathing_off.csv,70.0,90.0,breathing_off,rejected,time_gap,not_evaluated,,1940,115.448,,,,,,,,,,,,
session_20260812_093242_breathing_off_breathing_off_w00013,session_20260812_093242_breathing_off_breathing_off,/Users/jandonyggarofalo/Documents/Desa/UNI/Semestre7/embebidos/esp-csi/examples/get-started/csi_send/data/raw/session_20260812_093242_breathing_off_breathing_off.csv,75.0,95.0,breathing_off,accepted,,trusted_breathing,breathing,1930,54.652,0.00389411,23.547671840021614,0.4768975832726117,49.376790040287425,44.565448451858295,12,2.305598648975857,0.1,40.374924802358684,0.7510014176368713,1.6061117264735085,1.3519811863202338
session_20260812_093242_breathing_off_breathing_off_w00014,session_20260812_093242_breathing_off_breathing_off,/Users/jandonyggarofalo/Documents/Desa/UNI/Semestre7/embebidos/esp-csi/examples/get-started/csi_send/data/raw/session_20260812_093242_breathing_off_breathing_off.csv,80.0,100.0,breathing_off,accepted,,trusted_breathing,breathing,1934,54.652,0.00363156,22.015023356768687,0.4843045415592282,45.45698309135285,65.07055827196322,9,2.0683574342840685,0.30000000000000004,60.38314605268031,0.7403581142425537,1.7809157366719277,1.3519811863202338
session_20260812_093242_breathing_off_breathing_off_w00015,session_20260812_093242_breathing_off_breathing_off,/Users/jandonyggarofalo/Documents/Desa/UNI/Semestre7/embebidos/esp-csi/examples/get-started/csi_send/data/raw/session_20260812_093242_breathing_off_breathing_off.csv,85.0,105.0,breathing_off,accepted,,trusted_breathing,breathing,1937,68.593,0.0073043,45.13164001036924,0.8724725432945775,51.72843587706975,48.5520270026784,13,2.228877383907983,0.35000000000000003,83.6383716298234,0.7378207445144653,1.6862073660195545,1.3519811863202338
session_20260812_093242_breathing_off_breathing_off_w00016,session_20260812_093242_breathing_off_breathing_off,/Users/jandonyggarofalo/Documents/Desa/UNI/Semestre7/embebidos/esp-csi/examples/get-started/csi_send/data/raw/session_20260812_093242_breathing_off_breathing_off.csv,90.0,110.0,breathing_off,accepted,,trusted_breathing,breathing,1941,68.593,0.01723097,72.05022836321331,1.3100047592167194,54.9999745086718,25.369830174310344,13,1.7789398512479522,0.45,247.2243125918252,0.7364241480827332,1.8576353616486434,1.3519811863202338
session_20260812_093242_breathing_off_breathing_off_w00017,session_20260812_093242_breathing_off_breathing_off,/Users/jandonyggarofalo/Documents/Desa/UNI/Semestre7/embebidos/esp-csi/examples/get-started/csi_send/data/raw/session_20260812_093242_breathing_off_breathing_off.csv,95.0,115.0,breathing_off,accepted,,trusted_breathing,breathing,1941,69.588,0.01618447,53.10936826886468,0.9834501256113252,54.00311300565162,30.593711990869625,14,1.6774802288071848,0.45,221.67957347519848,0.7366912364959717,1.72517113555626,1.3519811863202338
session_20260812_093242_breathing_off_breathing_off_w00018,session_20260812_093242_breathing_off_breathing_off,/Users/jandonyggarofalo/Documents/Desa/UNI/Semestre7/embebidos/esp-csi/examples/get-started/csi_send/data/raw/session_20260812_093242_breathing_off_breathing_off.csv,100.0,120.0,breathing_off,accepted,,trusted_breathing,breathing,1941,69.588,0.01767774,27.798514715976353,0.5287234368049553,52.57666443520751,28.07784831738004,15,1.9487792876247312,0.35000000000000003,74.37608419585283,0.7605353593826294,1.448363823554186,1.3519811863202338
session_20260812_093242_breathing_off_breathing_off_w00019,session_20260812_093242_breathing_off_breathing_off,/Users/jandonyggarofalo/Documents/Desa/UNI/Semestre7/embebidos/esp-csi/examples/get-started/csi_send/data/raw/session_20260812_093242_breathing_off_breathing_off.csv,105.0,125.0,breathing_off,accepted,,trusted_breathing,breathing,1946,69.588,0.01505492,21.542654930821403,0.40462424621070026,53.24113701172085,19.361239901618056,13,1.8727973179956523,0.35000000000000003,77.58557018929407,0.8074870705604553,1.3332992249950875,1.3519811863202338
session_20260812_093242_breathing_off_breathing_off_w00020,session_20260812_093242_breathing_off_breathing_off,/Users/jandonyggarofalo/Documents/Desa/UNI/Semestre7/embebidos/esp-csi/examples/get-started/csi_send/data/raw/session_20260812_093242_breathing_off_breathing_off.csv,110.0,130.0,breathing_off,accepted,,trusted_breathing,breathing,1948,69.588,0.01960745,25.938067509964167,0.4761167653082682,54.47837463382694,11.918393519564997,12,1.706370035219231,0.35000000000000003,98.20092826540807,0.8051254749298096,1.4139376162730355,1.3519811863202338
session_20260812_093242_breathing_off_breathing_off_w00021,session_20260812_093242_breathing_off_breathing_off,/Users/jandonyggarofalo/Documents/Desa/UNI/Semestre7/embebidos/esp-csi/examples/get-started/csi_send/data/raw/session_20260812_093242_breathing_off_breathing_off.csv,115.0,135.0,breathing_off,rejected,too_many_amplitude_outliers,not_evaluated,,1942,68.857,0.02476908,,,,,,,,,,,
session_20260812_093242_breathing_off_breathing_off_w00022,session_20260812_093242_breathing_off_breathing_off,/Users/jandonyggarofalo/Documents/Desa/UNI/Semestre7/embebidos/esp-csi/examples/get-started/csi_send/data/raw/session_20260812_093242_breathing_off_breathing_off.csv,120.0,140.0,breathing_off,rejected,time_gap,not_evaluated,,1907,212.499,,,,,,,,,,,,
session_20260812_093242_breathing_off_breathing_off_w00023,session_20260812_093242_breathing_off_breathing_off,/Users/jandonyggarofalo/Documents/Desa/UNI/Semestre7/embebidos/esp-csi/examples/get-started/csi_send/data/raw/session_20260812_093242_breathing_off_breathing_off.csv,125.0,145.0,breathing_off,rejected,time_gap,not_evaluated,,1456,3132.017,,,,,,,,,,,,
session_20260812_093242_breathing_off_breathing_off_w00024,session_20260812_093242_breathing_off_breathing_off,/Users/jandonyggarofalo/Documents/Desa/UNI/Semestre7/embebidos/esp-csi/examples/get-started/csi_send/data/raw/session_20260812_093242_breathing_off_breathing_off.csv,130.0,150.0,breathing_off,rejected,time_gap,not_evaluated,,1157,4777.21,,,,,,,,,,,,
session_20260812_093242_breathing_off_breathing_off_w00025,session_20260812_093242_breathing_off_breathing_off,/Users/jandonyggarofalo/Documents/Desa/UNI/Semestre7/embebidos/esp-csi/examples/get-started/csi_send/data/raw/session_20260812_093242_breathing_off_breathing_off.csv,135.0,155.0,breathing_off,rejected,time_gap,not_evaluated,,1180,4777.21,,,,,,,,,,,,
session_20260812_093242_breathing_off_breathing_off_w00026,session_20260812_093242_breathing_off_breathing_off,/Users/jandonyggarofalo/Documents/Desa/UNI/Semestre7/embebidos/esp-csi/examples/get-started/csi_send/data/raw/session_20260812_093242_breathing_off_breathing_off.csv,140.0,160.0,breathing_off,rejected,time_gap,not_evaluated,,1228,4777.21,,,,,,,,,,,,
session_20260812_093242_breathing_off_breathing_off_w00027,session_20260812_093242_breathing_off_breathing_off,/Users/jandonyggarofalo/Documents/Desa/UNI/Semestre7/embebidos/esp-csi/examples/get-started/csi_send/data/raw/session_20260812_093242_breathing_off_breathing_off.csv,145.0,165.0,breathing_off,accepted,,trusted_breathing,breathing,1688,90.192,0.00470694,14.774468657933125,0.2944696841350759,50.1731398981831,5.091956203322308,13,2.043882540856502,0.5,42.49225935314505,0.8383520841598511,1.1695118710709502,1.3519811863202338
session_20260812_093242_breathing_off_breathing_off_w00028,session_20260812_093242_breathing_off_breathing_off,/Users/jandonyggarofalo/Documents/Desa/UNI/Semestre7/embebidos/esp-csi/examples/get-started/csi_send/data/raw/session_20260812_093242_breathing_off_breathing_off.csv,150.0,170.0,breathing_off,accepted,,trusted_breathing,breathing,1991,90.192,0.00191487,13.5639548880796,0.34430417205141506,39.39526729294089,42.58702103078246,11,2.234500799771364,0.5,32.53493551694482,0.8318374752998352,1.5123499503149227,1.3519811863202338
session_20260812_093242_breathing_off_breathing_off_w00029,session_20260812_093242_breathing_off_breathing_off,/Users/jandonyggarofalo/Documents/Desa/UNI/Semestre7/embebidos/esp-csi/examples/get-started/csi_send/data/raw/session_20260812_093242_breathing_off_breathing_off.csv,155.0,175.0,breathing_off,accepted,,trusted_breathing,breathing,1983,90.192,0.00151286,14.351711528606403,0.28733204280822816,49.948176292106446,22.68512437513849,7,2.1162708894286144,0.1,36.00326304225498,0.8351079225540161,1.3557411647035866,1.3519811863202338
session_20260812_093811_breathing_off_breathing_off_w00000,session_20260812_093811_breathing_off_breathing_off,/Users/jandonyggarofalo/Documents/Desa/UNI/Semestre7/embebidos/esp-csi/examples/get-started/csi_send/data/raw/session_20260812_093811_breathing_off_breathing_off.csv,10.0,30.0,breathing_off,rejected,time_gap,not_evaluated,,1936,184.215,,,,,,,,,,,,
session_20260812_093811_breathing_off_breathing_off_w00001,session_20260812_093811_breathing_off_breathing_off,/Users/jandonyggarofalo/Documents/Desa/UNI/Semestre7/embebidos/esp-csi/examples/get-started/csi_send/data/raw/session_20260812_093811_breathing_off_breathing_off.csv,15.0,35.0,breathing_off,rejected,time_gap,not_evaluated,,1932,184.215,,,,,,,,,,,,
session_20260812_093811_breathing_off_breathing_off_w00002,session_20260812_093811_breathing_off_breathing_off,/Users/jandonyggarofalo/Documents/Desa/UNI/Semestre7/embebidos/esp-csi/examples/get-started/csi_send/data/raw/session_20260812_093811_breathing_off_breathing_off.csv,20.0,40.0,breathing_off,rejected,too_many_amplitude_outliers,not_evaluated,,1948,55.07,0.02144026,,,,,,,,,,,
session_20260812_093811_breathing_off_breathing_off_w00003,session_20260812_093811_breathing_off_breathing_off,/Users/jandonyggarofalo/Documents/Desa/UNI/Semestre7/embebidos/esp-csi/examples/get-started/csi_send/data/raw/session_20260812_093811_breathing_off_breathing_off.csv,25.0,45.0,breathing_off,rejected,time_gap,not_evaluated,,1967,104.257,,,,,,,,,,,,
session_20260812_093811_breathing_off_breathing_off_w00004,session_20260812_093811_breathing_off_breathing_off,/Users/jandonyggarofalo/Documents/Desa/UNI/Semestre7/embebidos/esp-csi/examples/get-started/csi_send/data/raw/session_20260812_093811_breathing_off_breathing_off.csv,30.0,50.0,breathing_off,rejected,time_gap,not_evaluated,,1961,104.257,,,,,,,,,,,,
session_20260812_093811_breathing_off_breathing_off_w00005,session_20260812_093811_breathing_off_breathing_off,/Users/jandonyggarofalo/Documents/Desa/UNI/Semestre7/embebidos/esp-csi/examples/get-started/csi_send/data/raw/session_20260812_093811_breathing_off_breathing_off.csv,35.0,55.0,breathing_off,rejected,time_gap,not_evaluated,,1958,104.257,,,,,,,,,,,,
session_20260812_093811_breathing_off_breathing_off_w00006,session_20260812_093811_breathing_off_breathing_off,/Users/jandonyggarofalo/Documents/Desa/UNI/Semestre7/embebidos/esp-csi/examples/get-started/csi_send/data/raw/session_20260812_093811_breathing_off_breathing_off.csv,40.0,60.0,breathing_off,rejected,time_gap,not_evaluated,,1959,104.257,,,,,,,,,,,,
session_20260812_093811_breathing_off_breathing_off_w00007,session_20260812_093811_breathing_off_breathing_off,/Users/jandonyggarofalo/Documents/Desa/UNI/Semestre7/embebidos/esp-csi/examples/get-started/csi_send/data/raw/session_20260812_093811_breathing_off_breathing_off.csv,45.0,65.0,breathing_off,accepted,,trusted_breathing,breathing,1942,58.788,0.00718493,38.22419864176681,0.7133341097976041,53.585266871029994,20.840177432086485,16,1.6731699667605702,0.45,125.60963179058177,0.7202795147895813,1.5823383893333738,1.4614064518947525
session_20260812_093811_breathing_off_breathing_off_w00008,session_20260812_093811_breathing_off_breathing_off,/Users/jandonyggarofalo/Documents/Desa/UNI/Semestre7/embebidos/esp-csi/examples/get-started/csi_send/data/raw/session_20260812_093811_breathing_off_breathing_off.csv,50.0,70.0,breathing_off,accepted,,trusted_breathing,breathing,1941,64.368,0.00483401,53.287885142282555,0.9798557709519751,54.383396742621144,17.966893258665714,16,1.5052156005413717,0.45,208.54516010730475,0.7574620842933655,1.7266284845632633,1.4614064518947525
session_20260812_093811_breathing_off_breathing_off_w00009,session_20260812_093811_breathing_off_breathing_off,/Users/jandonyggarofalo/Documents/Desa/UNI/Semestre7/embebidos/esp-csi/examples/get-started/csi_send/data/raw/session_20260812_093811_breathing_off_breathing_off.csv,55.0,75.0,breathing_off,rejected,time_gap,not_evaluated,,1896,278.17,,,,,,,,,,,,
session_20260812_093811_breathing_off_breathing_off_w00010,session_20260812_093811_breathing_off_breathing_off,/Users/jandonyggarofalo/Documents/Desa/UNI/Semestre7/embebidos/esp-csi/examples/get-started/csi_send/data/raw/session_20260812_093811_breathing_off_breathing_off.csv,60.0,80.0,breathing_off,rejected,time_gap,not_evaluated,,1476,893.702,,,,,,,,,,,,
session_20260812_093811_breathing_off_breathing_off_w00011,session_20260812_093811_breathing_off_breathing_off,/Users/jandonyggarofalo/Documents/Desa/UNI/Semestre7/embebidos/esp-csi/examples/get-started/csi_send/data/raw/session_20260812_093811_breathing_off_breathing_off.csv,65.0,85.0,breathing_off,rejected,time_gap,not_evaluated,,1027,4892.526,,,,,,,,,,,,
session_20260812_093811_breathing_off_breathing_off_w00012,session_20260812_093811_breathing_off_breathing_off,/Users/jandonyggarofalo/Documents/Desa/UNI/Semestre7/embebidos/esp-csi/examples/get-started/csi_send/data/raw/session_20260812_093811_breathing_off_breathing_off.csv,70.0,90.0,breathing_off,rejected,time_gap,not_evaluated,,946,4933.253,,,,,,,,,,,,
session_20260812_093811_breathing_off_breathing_off_w00013,session_20260812_093811_breathing_off_breathing_off,/Users/jandonyggarofalo/Documents/Desa/UNI/Semestre7/embebidos/esp-csi/examples/get-started/csi_send/data/raw/session_20260812_093811_breathing_off_breathing_off.csv,75.0,95.0,breathing_off,rejected,time_gap,not_evaluated,,1003,4933.253,,,,,,,,,,,,
session_20260812_093811_breathing_off_breathing_off_w00014,session_20260812_093811_breathing_off_breathing_off,/Users/jandonyggarofalo/Documents/Desa/UNI/Semestre7/embebidos/esp-csi/examples/get-started/csi_send/data/raw/session_20260812_093811_breathing_off_breathing_off.csv,80.0,100.0,breathing_off,rejected,time_gap,not_evaluated,,1430,4933.253,,,,,,,,,,,,
session_20260812_093811_breathing_off_breathing_off_w00015,session_20260812_093811_breathing_off_breathing_off,/Users/jandonyggarofalo/Documents/Desa/UNI/Semestre7/embebidos/esp-csi/examples/get-started/csi_send/data/raw/session_20260812_093811_breathing_off_breathing_off.csv,85.0,105.0,breathing_off,accepted,,trusted_breathing,breathing,1899,72.493,0.00299911,13.474748040857124,0.26703244620124295,50.46108902680585,133.48189000386913,12,1.8584866446377186,0.2,43.58877281851855,0.7719710469245911,1.6393746422306334,1.4614064518947525
session_20260812_093811_breathing_off_breathing_off_w00016,session_20260812_093811_breathing_off_breathing_off,/Users/jandonyggarofalo/Documents/Desa/UNI/Semestre7/embebidos/esp-csi/examples/get-started/csi_send/data/raw/session_20260812_093811_breathing_off_breathing_off.csv,90.0,110.0,breathing_off,accepted,,trusted_breathing,breathing,2001,72.493,0.00335379,16.477103417684635,0.35655073680364113,46.21250699227319,39.41267823077313,11,2.160368926857088,0.35000000000000003,31.881636932858235,0.7539666891098022,1.5035406117409245,1.4614064518947525
session_20260812_093811_breathing_off_breathing_off_w00017,session_20260812_093811_breathing_off_breathing_off,/Users/jandonyggarofalo/Documents/Desa/UNI/Semestre7/embebidos/esp-csi/examples/get-started/csi_send/data/raw/session_20260812_093811_breathing_off_breathing_off.csv,95.0,115.0,breathing_off,accepted,,trusted_breathing,breathing,2006,56.807,0.00390625,13.563694059867547,0.27619010083876816,49.10999351036311,15.608658966891904,11,2.104272589515999,0.30000000000000004,37.411095927065986,0.832506537437439,1.1933655918326533,1.4614064518947525
session_20260812_093811_breathing_off_breathing_off_w00018,session_20260812_093811_breathing_off_breathing_off,/Users/jandonyggarofalo/Documents/Desa/UNI/Semestre7/embebidos/esp-csi/examples/get-started/csi_send/data/raw/session_20260812_093811_breathing_off_breathing_off.csv,100.0,120.0,breathing_off,accepted,,trusted_breathing,breathing,1994,51.66,0.00434115,79.43306038315076,2.4092398827928703,32.970174929628165,541.1708995037262,8,1.50565286739041,0.1,424.50316367923415,0.8533850908279419,2.6278809312426676,1.4614064518947525
session_20260812_093811_breathing_off_breathing_off_w00019,session_20260812_093811_breathing_off_breathing_off,/Users/jandonyggarofalo/Documents/Desa/UNI/Semestre7/embebidos/esp-csi/examples/get-started/csi_send/data/raw/session_20260812_093811_breathing_off_breathing_off.csv,105.0,125.0,breathing_off,rejected,time_gap,not_evaluated,,1972,100.02,,,,,,,,,,,,
session_20260812_093811_breathing_off_breathing_off_w00020,session_20260812_093811_breathing_off_breathing_off,/Users/jandonyggarofalo/Documents/Desa/UNI/Semestre7/embebidos/esp-csi/examples/get-started/csi_send/data/raw/session_20260812_093811_breathing_off_breathing_off.csv,110.0,130.0,breathing_off,rejected,time_gap,not_evaluated,,1955,100.02,,,,,,,,,,,,
session_20260812_093811_breathing_off_breathing_off_w00021,session_20260812_093811_breathing_off_breathing_off,/Users/jandonyggarofalo/Documents/Desa/UNI/Semestre7/embebidos/esp-csi/examples/get-started/csi_send/data/raw/session_20260812_093811_breathing_off_breathing_off.csv,115.0,135.0,breathing_off,rejected,time_gap,not_evaluated,,1944,100.02,,,,,,,,,,,,
session_20260812_093811_breathing_off_breathing_off_w00022,session_20260812_093811_breathing_off_breathing_off,/Users/jandonyggarofalo/Documents/Desa/UNI/Semestre7/embebidos/esp-csi/examples/get-started/csi_send/data/raw/session_20260812_093811_breathing_off_breathing_off.csv,120.0,140.0,breathing_off,rejected,time_gap,not_evaluated,,1938,100.02,,,,,,,,,,,,
session_20260812_093811_breathing_off_breathing_off_w00023,session_20260812_093811_breathing_off_breathing_off,/Users/jandonyggarofalo/Documents/Desa/UNI/Semestre7/embebidos/esp-csi/examples/get-started/csi_send/data/raw/session_20260812_093811_breathing_off_breathing_off.csv,125.0,145.0,breathing_off,accepted,,trusted_breathing,breathing,1951,79.888,0.00306734,59.71117659008304,1.1115761104501656,53.71757815652184,37.527075935385845,13,2.0166650984968015,0.45,178.77015813879558,0.7913339734077454,1.7760556289032086,1.4614064518947525
session_20260812_093811_breathing_off_breathing_off_w00024,session_20260812_093811_breathing_off_breathing_off,/Users/jandonyggarofalo/Documents/Desa/UNI/Semestre7/embebidos/esp-csi/examples/get-started/csi_send/data/raw/session_20260812_093811_breathing_off_breathing_off.csv,130.0,150.0,breathing_off,rejected,time_gap,not_evaluated,,1989,279.199,,,,,,,,,,,,
session_20260812_093811_breathing_off_breathing_off_w00025,session_20260812_093811_breathing_off_breathing_off,/Users/jandonyggarofalo/Documents/Desa/UNI/Semestre7/embebidos/esp-csi/examples/get-started/csi_send/data/raw/session_20260812_093811_breathing_off_breathing_off.csv,135.0,155.0,breathing_off,rejected,time_gap,not_evaluated,,1999,279.199,,,,,,,,,,,,
session_20260812_093811_breathing_off_breathing_off_w00026,session_20260812_093811_breathing_off_breathing_off,/Users/jandonyggarofalo/Documents/Desa/UNI/Semestre7/embebidos/esp-csi/examples/get-started/csi_send/data/raw/session_20260812_093811_breathing_off_breathing_off.csv,140.0,160.0,breathing_off,rejected,time_gap,not_evaluated,,2018,279.199,,,,,,,,,,,,
session_20260812_093811_breathing_off_breathing_off_w00027,session_20260812_093811_breathing_off_breathing_off,/Users/jandonyggarofalo/Documents/Desa/UNI/Semestre7/embebidos/esp-csi/examples/get-started/csi_send/data/raw/session_20260812_093811_breathing_off_breathing_off.csv,145.0,165.0,breathing_off,rejected,time_gap,not_evaluated,,2025,279.199,,,,,,,,,,,,
session_20260812_093811_breathing_off_breathing_off_w00028,session_20260812_093811_breathing_off_breathing_off,/Users/jandonyggarofalo/Documents/Desa/UNI/Semestre7/embebidos/esp-csi/examples/get-started/csi_send/data/raw/session_20260812_093811_breathing_off_breathing_off.csv,150.0,170.0,breathing_off,accepted,,trusted_breathing,breathing,2000,83.648,0.00479687,21.627383055295084,0.4174865262300816,51.803786940238126,15.972066827084276,13,1.9377423509584693,0.35000000000000003,83.80440848592917,0.7214805483818054,1.3350039723562366,1.4614064518947525
session_20260812_093811_breathing_off_breathing_off_w00029,session_20260812_093811_breathing_off_breathing_off,/Users/jandonyggarofalo/Documents/Desa/UNI/Semestre7/embebidos/esp-csi/examples/get-started/csi_send/data/raw/session_20260812_093811_breathing_off_breathing_off.csv,155.0,175.0,breathing_off,rejected,time_gap,not_evaluated,,1901,267.974,,,,,,,,,,,,
session_20260812_094151_breathing_off_breathing_off_w00000,session_20260812_094151_breathing_off_breathing_off,/Users/jandonyggarofalo/Documents/Desa/UNI/Semestre7/embebidos/esp-csi/examples/get-started/csi_send/data/raw/session_20260812_094151_breathing_off_breathing_off.csv,10.0,30.0,breathing_off,accepted,,trusted_breathing,breathing,1966,81.084,0.00403739,19.85587718750979,0.36674739147087315,54.140472841052485,16.5340630575536,14,1.7704805629264366,0.25,73.77129738585103,0.7048954367637634,1.297889077966534,1.1185351188854238
session_20260812_094151_breathing_off_breathing_off_w00001,session_20260812_094151_breathing_off_breathing_off,/Users/jandonyggarofalo/Documents/Desa/UNI/Semestre7/embebidos/esp-csi/examples/get-started/csi_send/data/raw/session_20260812_094151_breathing_off_breathing_off.csv,15.0,35.0,breathing_off,accepted,,trusted_breathing,breathing,1976,72.016,0.00380741,14.067417462708185,0.27369602834603063,51.39795980112477,16.617794461085126,13,2.105007160321837,0.25,41.147685470636674,0.7063897848129272,1.2205733830497176,1.1185351188854238
session_20260812_094151_breathing_off_breathing_off_w00002,session_20260812_094151_breathing_off_breathing_off,/Users/jandonyggarofalo/Documents/Desa/UNI/Semestre7/embebidos/esp-csi/examples/get-started/csi_send/data/raw/session_20260812_094151_breathing_off_breathing_off.csv,20.0,40.0,breathing_off,accepted,,trusted_breathing,breathing,1987,72.016,0.00242986,6.916295677008154,0.14958715260499553,46.235893634698044,18.228711936875932,11,2.4306247529505143,0.4,11.493552976767633,0.7513608336448669,1.0604543019417547,1.1185351188854238
session_20260812_094151_breathing_off_breathing_off_w00003,session_20260812_094151_breathing_off_breathing_off,/Users/jandonyggarofalo/Documents/Desa/UNI/Semestre7/embebidos/esp-csi/examples/get-started/csi_send/data/raw/session_20260812_094151_breathing_off_breathing_off.csv,25.0,45.0,breathing_off,accepted,,trusted_breathing,breathing,2000,59.464,0.00302734,59.11061375796194,1.8262908613276687,32.36648389893251,403.7502119345306,8,1.539065651855446,0.1,318.01583039627303,0.7832874655723572,2.5024487391121997,1.1185351188854238
session_20260812_094151_breathing_off_breathing_off_w00004,session_20260812_094151_breathing_off_breathing_off,/Users/jandonyggarofalo/Documents/Desa/UNI/Semestre7/embebidos/esp-csi/examples/get-started/csi_send/data/raw/session_20260812_094151_breathing_off_breathing_off.csv,30.0,50.0,breathing_off,accepted,,trusted_breathing,breathing,2006,59.464,0.0030845,25.36657203527838,0.4805099632291231,52.790938745072324,10.464579560559178,10,2.2388244869358025,0.45,44.15036526165072,0.7839545607566833,1.4042617818945646,1.1185351188854238
session_20260812_094151_breathing_off_breathing_off_w00005,session_20260812_094151_breathing_off_breathing_off,/Users/jandonyggarofalo/Documents/Desa/UNI/Semestre7/embebidos/esp-csi/examples/get-started/csi_send/data/raw/session_20260812_094151_breathing_off_breathing_off.csv,35.0,55.0,breathing_off,accepted,,trusted_breathing,breathing,1996,93.052,0.00388277,32.34080225249866,0.6737062591393616,48.00430723883286,56.50630398816639,13,2.250088942135387,0.30000000000000004,55.60156677515488,0.7921562790870667,1.7450870295715815,1.1185351188854238
session_20260812_094151_breathing_off_breathing_off_w00006,session_20260812_094151_breathing_off_breathing_off,/Users/jandonyggarofalo/Documents/Desa/UNI/Semestre7/embebidos/esp-csi/examples/get-started/csi_send/data/raw/session_20260812_094151_breathing_off_breathing_off.csv,40.0,60.0,breathing_off,accepted,,trusted_breathing,breathing,1985,93.052,0.00450252,46.36586687451038,0.8914910547647894,52.00934616970613,48.64385908861953,13,2.1566637921967806,0.25,117.71310880998104,0.8127482533454895,1.6870280217418698,1.1185351188854238
session_20260812_094151_breathing_off_breathing_off_w00007,session_20260812_094151_breathing_off_breathing_off,/Users/jandonyggarofalo/Documents/Desa/UNI/Semestre7/embebidos/esp-csi/examples/get-started/csi_send/data/raw/session_20260812_094151_breathing_off_breathing_off.csv,45.0,65.0,breathing_off,accepted,,trusted_breathing,breathing,1976,93.052,0.00586333,50.467790865067094,0.9750738600309472,51.757915921788296,19.295545744797902,13,1.9712079310023445,0.25,113.37094002309671,0.8553286790847778,1.7030142947057738,1.1185351188854238
session_20260812_094151_breathing_off_breathing_off_w00008,session_20260812_094151_breathing_off_breathing_off,/Users/jandonyggarofalo/Documents/Desa/UNI/Semestre7/embebidos/esp-csi/examples/get-started/csi_send/data/raw/session_20260812_094151_breathing_off_breathing_off.csv,50.0,70.0,breathing_off,rejected,time_gap,not_evaluated,,1975,135.367,,,,,,,,,,,,
session_20260812_094151_breathing_off_breathing_off_w00009,session_20260812_094151_breathing_off_breathing_off,/Users/jandonyggarofalo/Documents/Desa/UNI/Semestre7/embebidos/esp-csi/examples/get-started/csi_send/data/raw/session_20260812_094151_breathing_off_breathing_off.csv,55.0,75.0,breathing_off,rejected,time_gap,not_evaluated,,1980,135.367,,,,,,,,,,,,
session_20260812_094151_breathing_off_breathing_off_w00010,session_20260812_094151_breathing_off_breathing_off,/Users/jandonyggarofalo/Documents/Desa/UNI/Semestre7/embebidos/esp-csi/examples/get-started/csi_send/data/raw/session_20260812_094151_breathing_off_breathing_off.csv,60.0,80.0,breathing_off,rejected,time_gap,not_evaluated,,1982,135.367,,,,,,,,,,,,
session_20260812_094151_breathing_off_breathing_off_w00011,session_20260812_094151_breathing_off_breathing_off,/Users/jandonyggarofalo/Documents/Desa/UNI/Semestre7/embebidos/esp-csi/examples/get-started/csi_send/data/raw/session_20260812_094151_breathing_off_breathing_off.csv,65.0,85.0,breathing_off,rejected,time_gap,not_evaluated,,1988,135.367,,,,,,,,,,,,
session_20260812_094151_breathing_off_breathing_off_w00012,session_20260812_094151_breathing_off_breathing_off,/Users/jandonyggarofalo/Documents/Desa/UNI/Semestre7/embebidos/esp-csi/examples/get-started/csi_send/data/raw/session_20260812_094151_breathing_off_breathing_off.csv,70.0,90.0,breathing_off,accepted,,trusted_breathing,breathing,1992,89.16,0.00256887,8.375812383451693,0.166752714010475,50.228941898212916,9.38658928749455,15,1.9521764033542053,0.45,27.684872092871444,0.7687018513679504,0.9725078156205601,1.1185351188854238
session_20260812_094151_breathing_off_breathing_off_w00013,session_20260812_094151_breathing_off_breathing_off,/Users/jandonyggarofalo/Documents/Desa/UNI/Semestre7/embebidos/esp-csi/examples/get-started/csi_send/data/raw/session_20260812_094151_breathing_off_breathing_off.csv,75.0,95.0,breathing_off,accepted,,trusted_breathing,breathing,2010,89.16,0.00280239,9.479950569125998,0.17838357171535507,53.143630200430785,6.320437674887232,13,2.0906201366628983,0.4,23.25711049335137,0.7420244216918945,0.9768060728221012,1.1185351188854238
session_20260812_094151_breathing_off_breathing_off_w00014,session_20260812_094151_breathing_off_breathing_off,/Users/jandonyggarofalo/Documents/Desa/UNI/Semestre7/embebidos/esp-csi/examples/get-started/csi_send/data/raw/session_20260812_094151_breathing_off_breathing_off.csv,80.0,100.0,breathing_off,accepted,,trusted_breathing,breathing,2008,92.06,0.00189866,5.897711867236026,0.10888294658806834,54.16561593887051,2.733619387417068,12,1.9330032172502416,0.4,16.255708222474148,0.7202950716018677,0.7706835512734788,1.1185351188854238
session_20260812_094151_breathing_off_breathing_off_w00015,session_20260812_094151_breathing_off_breathing_off,/Users/jandonyggarofalo/Documents/Desa/UNI/Semestre7/embebidos/esp-csi/examples/get-started/csi_send/data/raw/session_20260812_094151_breathing_off_breathing_off.csv,85.0,105.0,breathing_off,rejected,time_gap,not_evaluated,,1949,236.565,,,,,,,,,,,,
session_20260812_094151_breathing_off_breathing_off_w00016,session_20260812_094151_breathing_off_breathing_off,/Users/jandonyggarofalo/Documents/Desa/UNI/Semestre7/embebidos/esp-csi/examples/get-started/csi_send/data/raw/session_20260812_094151_breathing_off_breathing_off.csv,90.0,110.0,breathing_off,rejected,time_gap,not_evaluated,,1873,630.758,,,,,,,,,,,,
session_20260812_094151_breathing_off_breathing_off_w00017,session_20260812_094151_breathing_off_breathing_off,/Users/jandonyggarofalo/Documents/Desa/UNI/Semestre7/embebidos/esp-csi/examples/get-started/csi_send/data/raw/session_20260812_094151_breathing_off_breathing_off.csv,95.0,115.0,breathing_off,rejected,time_gap,not_evaluated,,1482,2823.158,,,,,,,,,,,,
session_20260812_094151_breathing_off_breathing_off_w00018,session_20260812_094151_breathing_off_breathing_off,/Users/jandonyggarofalo/Documents/Desa/UNI/Semestre7/embebidos/esp-csi/examples/get-started/csi_send/data/raw/session_20260812_094151_breathing_off_breathing_off.csv,100.0,120.0,breathing_off,rejected,time_gap,not_evaluated,,1017,4764.466,,,,,,,,,,,,
session_20260812_094151_breathing_off_breathing_off_w00019,session_20260812_094151_breathing_off_breathing_off,/Users/jandonyggarofalo/Documents/Desa/UNI/Semestre7/embebidos/esp-csi/examples/get-started/csi_send/data/raw/session_20260812_094151_breathing_off_breathing_off.csv,105.0,125.0,breathing_off,rejected,insufficient_samples,not_evaluated,,610,,,,,,,,,,,,,
session_20260812_094151_breathing_off_breathing_off_w00020,session_20260812_094151_breathing_off_breathing_off,/Users/jandonyggarofalo/Documents/Desa/UNI/Semestre7/embebidos/esp-csi/examples/get-started/csi_send/data/raw/session_20260812_094151_breathing_off_breathing_off.csv,110.0,130.0,breathing_off,rejected,insufficient_samples,not_evaluated,,292,,,,,,,,,,,,,
session_20260812_094151_breathing_off_breathing_off_w00021,session_20260812_094151_breathing_off_breathing_off,/Users/jandonyggarofalo/Documents/Desa/UNI/Semestre7/embebidos/esp-csi/examples/get-started/csi_send/data/raw/session_20260812_094151_breathing_off_breathing_off.csv,115.0,135.0,breathing_off,rejected,insufficient_samples,not_evaluated,,664,,,,,,,,,,,,,
session_20260812_094151_breathing_off_breathing_off_w00022,session_20260812_094151_breathing_off_breathing_off,/Users/jandonyggarofalo/Documents/Desa/UNI/Semestre7/embebidos/esp-csi/examples/get-started/csi_send/data/raw/session_20260812_094151_breathing_off_breathing_off.csv,120.0,140.0,breathing_off,rejected,time_gap,not_evaluated,,1134,4811.813,,,,,,,,,,,,
session_20260812_094151_breathing_off_breathing_off_w00023,session_20260812_094151_breathing_off_breathing_off,/Users/jandonyggarofalo/Documents/Desa/UNI/Semestre7/embebidos/esp-csi/examples/get-started/csi_send/data/raw/session_20260812_094151_breathing_off_breathing_off.csv,125.0,145.0,breathing_off,accepted,,trusted_breathing,breathing,1611,58.991,0.00430148,12.251668411625293,0.2257049326817518,54.28179289659608,9.547383582283015,10,1.9132021974130418,0.35000000000000003,43.2744229138074,0.6974400281906128,1.0881952342209125,1.1185351188854238
session_20260812_094151_breathing_off_breathing_off_w00024,session_20260812_094151_breathing_off_breathing_off,/Users/jandonyggarofalo/Documents/Desa/UNI/Semestre7/embebidos/esp-csi/examples/get-started/csi_send/data/raw/session_20260812_094151_breathing_off_breathing_off.csv,130.0,150.0,breathing_off,accepted,,trusted_breathing,breathing,2001,71.529,0.00514196,21.21918201202272,0.44358660636843306,47.83548850965692,31.951669999282515,8,2.1165567563271166,0.4,52.765161755976706,0.7206576466560364,1.5044935621037965,1.1185351188854238
session_20260812_094151_breathing_off_breathing_off_w00025,session_20260812_094151_breathing_off_breathing_off,/Users/jandonyggarofalo/Documents/Desa/UNI/Semestre7/embebidos/esp-csi/examples/get-started/csi_send/data/raw/session_20260812_094151_breathing_off_breathing_off.csv,135.0,155.0,breathing_off,accepted,,trusted_breathing,breathing,2016,75.715,0.00582837,22.687411386571462,0.4239907619733756,53.50921157084692,14.181057534244916,11,2.136278153183096,0.35000000000000003,43.903812280581946,0.7337872982025146,1.3557849460981928,1.1185351188854238
session_20260812_094151_breathing_off_breathing_off_w00026,session_20260812_094151_breathing_off_breathing_off,/Users/jandonyggarofalo/Documents/Desa/UNI/Semestre7/embebidos/esp-csi/examples/get-started/csi_send/data/raw/session_20260812_094151_breathing_off_breathing_off.csv,140.0,160.0,breathing_off,accepted,,trusted_breathing,breathing,2016,75.715,0.00576249,16.20148312851719,0.29584898416679206,54.762679595101964,7.903436485651323,13,1.8733744528627894,0.35000000000000003,46.52644845792397,0.7941020727157593,1.2095547728789575,1.1185351188854238
session_20260812_094151_breathing_off_breathing_off_w00027,session_20260812_094151_breathing_off_breathing_off,/Users/jandonyggarofalo/Documents/Desa/UNI/Semestre7/embebidos/esp-csi/examples/get-started/csi_send/data/raw/session_20260812_094151_breathing_off_breathing_off.csv,145.0,165.0,breathing_off,accepted,,trusted_breathing,breathing,2010,75.715,0.00499067,18.435634748586367,0.33797525315273197,54.54729178115507,6.574916667487102,16,1.6282729569593795,0.35000000000000003,62.19564918840295,0.7818323969841003,1.2656580951866778,1.1185351188854238
session_20260812_094151_breathing_off_breathing_off_w00028,session_20260812_094151_breathing_off_breathing_off,/Users/jandonyggarofalo/Documents/Desa/UNI/Semestre7/embebidos/esp-csi/examples/get-started/csi_send/data/raw/session_20260812_094151_breathing_off_breathing_off.csv,150.0,170.0,breathing_off,accepted,,trusted_breathing,breathing,1999,75.715,0.00339232,21.75954343474433,0.4502976902432133,48.32257394645599,54.14330509988987,14,1.9288551322697542,0.35000000000000003,56.160099410878104,0.7401711940765381,1.7335447631233185,1.1185351188854238
session_20260812_094151_breathing_off_breathing_off_w00029,session_20260812_094151_breathing_off_breathing_off,/Users/jandonyggarofalo/Documents/Desa/UNI/Semestre7/embebidos/esp-csi/examples/get-started/csi_send/data/raw/session_20260812_094151_breathing_off_breathing_off.csv,155.0,175.0,breathing_off,accepted,,trusted_breathing,breathing,1990,87.699,0.00294441,50.50057139083563,0.9380644091930483,53.8348655975808,23.294929103533118,15,1.642512442784115,0.4,178.1925508072707,0.7090694308280945,1.7032962919896215,1.1185351188854238
session_20260812_094454_breathing_off_breathing_off_w00000,session_20260812_094454_breathing_off_breathing_off,/Users/jandonyggarofalo/Documents/Desa/UNI/Semestre7/embebidos/esp-csi/examples/get-started/csi_send/data/raw/session_20260812_094454_breathing_off_breathing_off.csv,10.0,30.0,breathing_off,accepted,,trusted_breathing,breathing,2015,56.221,0.00535825,1074.1267545034852,19.77844440189522,54.30794923388947,223.19350315729488,12,1.9367999400590308,0.30000000000000004,2942.81614949258,0.49882829189300537,3.031055534187765,1.5199019051041287
session_20260812_094454_breathing_off_breathing_off_w00001,session_20260812_094454_breathing_off_breathing_off,/Users/jandonyggarofalo/Documents/Desa/UNI/Semestre7/embebidos/esp-csi/examples/get-started/csi_send/data/raw/session_20260812_094454_breathing_off_breathing_off.csv,15.0,35.0,breathing_off,accepted,,trusted_breathing,breathing,2014,96.984,0.00442993,374.58755721894636,7.03661820398394,53.23403179766268,165.56556893780837,15,2.0713003984223786,0.30000000000000004,712.0564895891821,0.4388529658317566,2.573553347195919,1.5199019051041287
session_20260812_094454_breathing_off_breathing_off_w00002,session_20260812_094454_breathing_off_breathing_off,/Users/jandonyggarofalo/Documents/Desa/UNI/Semestre7/embebidos/esp-csi/examples/get-started/csi_send/data/raw/session_20260812_094454_breathing_off_breathing_off.csv,20.0,40.0,breathing_off,accepted,,trusted_breathing,breathing,2000,96.984,0.00300781,155.25294045221395,2.8487133335838166,54.4993203148468,213.88166031787975,14,1.9383568117351702,0.45,427.96265483313806,0.43773800134658813,2.330173546777167,1.5199019051041287
session_20260812_094454_breathing_off_breathing_off_w00003,session_20260812_094454_breathing_off_breathing_off,/Users/jandonyggarofalo/Documents/Desa/UNI/Semestre7/embebidos/esp-csi/examples/get-started/csi_send/data/raw/session_20260812_094454_breathing_off_breathing_off.csv,25.0,45.0,breathing_off,accepted,,trusted_breathing,breathing,1997,96.984,0.00311405,38.510280767943755,0.7830301222231416,49.18109747624782,44.828144072694265,13,2.2510007815552395,0.45,76.25965826641685,0.6161472201347351,1.6515507590381764,1.5199019051041287
session_20260812_094454_breathing_off_breathing_off_w00004,session_20260812_094454_breathing_off_breathing_off,/Users/jandonyggarofalo/Documents/Desa/UNI/Semestre7/embebidos/esp-csi/examples/get-started/csi_send/data/raw/session_20260812_094454_breathing_off_breathing_off.csv,30.0,50.0,breathing_off,rejected,time_gap,not_evaluated,,1887,696.356,,,,,,,,,,,,
session_20260812_094454_breathing_off_breathing_off_w00005,session_20260812_094454_breathing_off_breathing_off,/Users/jandonyggarofalo/Documents/Desa/UNI/Semestre7/embebidos/esp-csi/examples/get-started/csi_send/data/raw/session_20260812_094454_breathing_off_breathing_off.csv,35.0,55.0,breathing_off,rejected,time_gap,not_evaluated,,1613,1709.791,,,,,,,,,,,,
session_20260812_094454_breathing_off_breathing_off_w00006,session_20260812_094454_breathing_off_breathing_off,/Users/jandonyggarofalo/Documents/Desa/UNI/Semestre7/embebidos/esp-csi/examples/get-started/csi_send/data/raw/session_20260812_094454_breathing_off_breathing_off.csv,40.0,60.0,breathing_off,rejected,time_gap,not_evaluated,,1194,4797.908,,,,,,,,,,,,
session_20260812_094454_breathing_off_breathing_off_w00007,session_20260812_094454_breathing_off_breathing_off,/Users/jandonyggarofalo/Documents/Desa/UNI/Semestre7/embebidos/esp-csi/examples/get-started/csi_send/data/raw/session_20260812_094454_breathing_off_breathing_off.csv,45.0,65.0,breathing_off,rejected,time_gap,not_evaluated,,1189,4797.908,,,,,,,,,,,,
session_20260812_094454_breathing_off_breathing_off_w00008,session_20260812_094454_breathing_off_breathing_off,/Users/jandonyggarofalo/Documents/Desa/UNI/Semestre7/embebidos/esp-csi/examples/get-started/csi_send/data/raw/session_20260812_094454_breathing_off_breathing_off.csv,50.0,70.0,breathing_off,rejected,time_gap,not_evaluated,,1291,4797.908,,,,,,,,,,,,
session_20260812_094454_breathing_off_breathing_off_w00009,session_20260812_094454_breathing_off_breathing_off,/Users/jandonyggarofalo/Documents/Desa/UNI/Semestre7/embebidos/esp-csi/examples/get-started/csi_send/data/raw/session_20260812_094454_breathing_off_breathing_off.csv,55.0,75.0,breathing_off,rejected,time_gap,not_evaluated,,1560,192.704,,,,,,,,,,,,
session_20260812_094454_breathing_off_breathing_off_w00010,session_20260812_094454_breathing_off_breathing_off,/Users/jandonyggarofalo/Documents/Desa/UNI/Semestre7/embebidos/esp-csi/examples/get-started/csi_send/data/raw/session_20260812_094454_breathing_off_breathing_off.csv,60.0,80.0,breathing_off,rejected,time_gap,not_evaluated,,1973,192.704,,,,,,,,,,,,
session_20260812_094454_breathing_off_breathing_off_w00011,session_20260812_094454_breathing_off_breathing_off,/Users/jandonyggarofalo/Documents/Desa/UNI/Semestre7/embebidos/esp-csi/examples/get-started/csi_send/data/raw/session_20260812_094454_breathing_off_breathing_off.csv,65.0,85.0,breathing_off,rejected,time_gap,not_evaluated,,1980,192.704,,,,,,,,,,,,
session_20260812_094454_breathing_off_breathing_off_w00012,session_20260812_094454_breathing_off_breathing_off,/Users/jandonyggarofalo/Documents/Desa/UNI/Semestre7/embebidos/esp-csi/examples/get-started/csi_send/data/raw/session_20260812_094454_breathing_off_breathing_off.csv,70.0,90.0,breathing_off,rejected,time_gap,not_evaluated,,1974,192.704,,,,,,,,,,,,
session_20260812_094454_breathing_off_breathing_off_w00013,session_20260812_094454_breathing_off_breathing_off,/Users/jandonyggarofalo/Documents/Desa/UNI/Semestre7/embebidos/esp-csi/examples/get-started/csi_send/data/raw/session_20260812_094454_breathing_off_breathing_off.csv,75.0,95.0,breathing_off,accepted,,trusted_breathing,breathing,1974,67.232,0.00328489,24.550689067724463,0.4838856199875651,50.73655437064782,13.206158641750587,10,2.056367730300421,0.30000000000000004,74.12339414569752,0.7008158564567566,1.390063686035815,1.5199019051041287
session_20260812_094454_breathing_off_breathing_off_w00014,session_20260812_094454_breathing_off_breathing_off,/Users/jandonyggarofalo/Documents/Desa/UNI/Semestre7/embebidos/esp-csi/examples/get-started/csi_send/data/raw/session_20260812_094454_breathing_off_breathing_off.csv,80.0,100.0,breathing_off,accepted,,trusted_breathing,breathing,1962,67.232,0.00252453,19.97232521674512,0.45732451898946536,43.67210675874896,48.21604280834291,11,2.0634386791779242,0.30000000000000004,79.87179807851717,0.7178760170936584,1.683191564045953,1.5199019051041287
session_20260812_094454_breathing_off_breathing_off_w00015,session_20260812_094454_breathing_off_breathing_off,/Users/jandonyggarofalo/Documents/Desa/UNI/Semestre7/embebidos/esp-csi/examples/get-started/csi_send/data/raw/session_20260812_094454_breathing_off_breathing_off.csv,85.0,105.0,breathing_off,accepted,,trusted_breathing,breathing,1945,76.036,0.00258274,45.524869479815166,0.8858764983649334,51.38963451879495,56.30486502678986,11,2.163490854218226,0.30000000000000004,103.3839410085398,0.6768949627876282,1.7505459217253476,1.5199019051041287
session_20260812_094454_breathing_off_breathing_off_w00016,session_20260812_094454_breathing_off_breathing_off,/Users/jandonyggarofalo/Documents/Desa/UNI/Semestre7/embebidos/esp-csi/examples/get-started/csi_send/data/raw/session_20260812_094454_breathing_off_breathing_off.csv,90.0,110.0,breathing_off,accepted,,trusted_breathing,breathing,1950,76.036,0.00546875,36.332477540370604,0.6836557187820478,53.14440666867354,33.794419143271256,10,2.11369065005772,0.35000000000000003,88.70969659821279,0.6990784406661987,1.5602950137566098,1.5199019051041287
session_20260812_094454_breathing_off_breathing_off_w00017,session_20260812_094454_breathing_off_breathing_off,/Users/jandonyggarofalo/Documents/Desa/UNI/Semestre7/embebidos/esp-csi/examples/get-started/csi_send/data/raw/session_20260812_094454_breathing_off_breathing_off.csv,95.0,115.0,breathing_off,accepted,,trusted_breathing,breathing,1945,76.036,0.00615762,33.453154094932245,0.7221090507552621,46.32701121789968,76.61903690565266,11,2.0440175373358622,0.35000000000000003,119.31901092877092,0.7396947145462036,1.8843366886391113,1.5199019051041287
session_20260812_094454_breathing_off_breathing_off_w00018,session_20260812_094454_breathing_off_breathing_off,/Users/jandonyggarofalo/Documents/Desa/UNI/Semestre7/embebidos/esp-csi/examples/get-started/csi_send/data/raw/session_20260812_094454_breathing_off_breathing_off.csv,100.0,120.0,breathing_off,accepted,,trusted_breathing,breathing,1968,48.981,0.00706618,46.52844125365109,0.864825637635654,53.80095042140674,12.349195279862506,13,1.6319633436733492,0.35000000000000003,149.45495573720922,0.7234596610069275,1.667718503505183,1.5199019051041287
session_20260812_094454_breathing_off_breathing_off_w00019,session_20260812_094454_breathing_off_breathing_off,/Users/jandonyggarofalo/Documents/Desa/UNI/Semestre7/embebidos/esp-csi/examples/get-started/csi_send/data/raw/session_20260812_094454_breathing_off_breathing_off.csv,105.0,125.0,breathing_off,accepted,,trusted_breathing,breathing,1988,48.981,0.00596155,25.08567297230993,0.4873613457544474,51.47243044773117,30.16537971248299,12,1.9240430443041663,0.30000000000000004,59.59529521954284,0.7429350018501282,1.4795087964516476,1.5199019051041287
session_20260812_094454_breathing_off_breathing_off_w00020,session_20260812_094454_breathing_off_breathing_off,/Users/jandonyggarofalo/Documents/Desa/UNI/Semestre7/embebidos/esp-csi/examples/get-started/csi_send/data/raw/session_20260812_094454_breathing_off_breathing_off.csv,110.0,130.0,breathing_off,accepted,,trusted_breathing,breathing,1996,71.592,0.00342873,38.81527765525045,0.7336002891834615,52.91066296934142,30.311716442074612,12,1.9004899048760353,0.30000000000000004,110.9431737636762,0.7375783920288086,1.5890026971260567,1.5199019051041287
session_20260812_094454_breathing_off_breathing_off_w00021,session_20260812_094454_breathing_off_breathing_off,/Users/jandonyggarofalo/Documents/Desa/UNI/Semestre7/embebidos/esp-csi/examples/get-started/csi_send/data/raw/session_20260812_094454_breathing_off_breathing_off.csv,115.0,135.0,breathing_off,accepted,,trusted_breathing,breathing,2002,71.592,0.00394137,25.714974767249785,0.4756906514775468,54.05818820975822,11.939361911918205,14,1.73519266735134,0.30000000000000004,109.9280355299038,0.6971318125724792,1.410186102507036,1.5199019051041287
session_20260812_094454_breathing_off_breathing_off_w00022,session_20260812_094454_breathing_off_breathing_off,/Users/jandonyggarofalo/Documents/Desa/UNI/Semestre7/embebidos/esp-csi/examples/get-started/csi_send/data/raw/session_20260812_094454_breathing_off_breathing_off.csv,120.0,140.0,breathing_off,rejected,time_gap,not_evaluated,,1981,300.717,,,,,,,,,,,,
session_20260812_094454_breathing_off_breathing_off_w00023,session_20260812_094454_breathing_off_breathing_off,/Users/jandonyggarofalo/Documents/Desa/UNI/Semestre7/embebidos/esp-csi/examples/get-started/csi_send/data/raw/session_20260812_094454_breathing_off_breathing_off.csv,125.0,145.0,breathing_off,rejected,time_gap,not_evaluated,,1983,300.717,,,,,,,,,,,,
session_20260812_094454_breathing_off_breathing_off_w00024,session_20260812_094454_breathing_off_breathing_off,/Users/jandonyggarofalo/Documents/Desa/UNI/Semestre7/embebidos/esp-csi/examples/get-started/csi_send/data/raw/session_20260812_094454_breathing_off_breathing_off.csv,130.0,150.0,breathing_off,rejected,time_gap,not_evaluated,,1969,300.717,,,,,,,,,,,,
session_20260812_094454_breathing_off_breathing_off_w00025,session_20260812_094454_breathing_off_breathing_off,/Users/jandonyggarofalo/Documents/Desa/UNI/Semestre7/embebidos/esp-csi/examples/get-started/csi_send/data/raw/session_20260812_094454_breathing_off_breathing_off.csv,135.0,155.0,breathing_off,rejected,time_gap,not_evaluated,,1969,300.717,,,,,,,,,,,,
session_20260812_094454_breathing_off_breathing_off_w00026,session_20260812_094454_breathing_off_breathing_off,/Users/jandonyggarofalo/Documents/Desa/UNI/Semestre7/embebidos/esp-csi/examples/get-started/csi_send/data/raw/session_20260812_094454_breathing_off_breathing_off.csv,140.0,160.0,breathing_off,accepted,,trusted_breathing,breathing,1984,79.16,0.00366211,13.242991925950994,0.2720858475532967,48.67210861935133,17.27028786179058,17,2.191530374449929,0.4,31.77195285203815,0.6918826699256897,1.237299576464143,1.5199019051041287
session_20260812_094454_breathing_off_breathing_off_w00027,session_20260812_094454_breathing_off_breathing_off,/Users/jandonyggarofalo/Documents/Desa/UNI/Semestre7/embebidos/esp-csi/examples/get-started/csi_send/data/raw/session_20260812_094454_breathing_off_breathing_off.csv,145.0,165.0,breathing_off,accepted,,trusted_breathing,breathing,1966,79.16,0.00797145,29.09427415706353,0.5998463500699404,48.502877701302545,43.75963629882315,11,2.0510931173173383,0.45,72.54161305832491,0.6967440247535706,1.6410737037716694,1.5199019051041287
session_20260812_094454_breathing_off_breathing_off_w00028,session_20260812_094454_breathing_off_breathing_off,/Users/jandonyggarofalo/Documents/Desa/UNI/Semestre7/embebidos/esp-csi/examples/get-started/csi_send/data/raw/session_20260812_094454_breathing_off_breathing_off.csv,150.0,170.0,breathing_off,rejected,time_gap,not_evaluated,,1921,220.739,,,,,,,,,,,,
session_20260812_094454_breathing_off_breathing_off_w00029,session_20260812_094454_breathing_off_breathing_off,/Users/jandonyggarofalo/Documents/Desa/UNI/Semestre7/embebidos/esp-csi/examples/get-started/csi_send/data/raw/session_20260812_094454_breathing_off_breathing_off.csv,155.0,175.0,breathing_off,rejected,time_gap,not_evaluated,,1783,292.691,,,,,,,,,,,,
session_20260812_094809_breathing_off_breathing_off_w00000,session_20260812_094809_breathing_off_breathing_off,/Users/jandonyggarofalo/Documents/Desa/UNI/Semestre7/embebidos/esp-csi/examples/get-started/csi_send/data/raw/session_20260812_094809_breathing_off_breathing_off.csv,10.0,30.0,breathing_off,rejected,time_gap,not_evaluated,,1277,4967.654,,,,,,,,,,,,
session_20260812_094809_breathing_off_breathing_off_w00001,session_20260812_094809_breathing_off_breathing_off,/Users/jandonyggarofalo/Documents/Desa/UNI/Semestre7/embebidos/esp-csi/examples/get-started/csi_send/data/raw/session_20260812_094809_breathing_off_breathing_off.csv,15.0,35.0,breathing_off,accepted,,trusted_breathing,breathing,1755,57.1,0.00901887,9.223413043941283,0.18067901254739502,51.048613305160636,3.2936961781807903,13,2.100593823288599,0.30000000000000004,19.714952030053027,0.7535157799720764,0.9648916576986327,0.9368265597987352
session_20260812_094809_breathing_off_breathing_off_w00002,session_20260812_094809_breathing_off_breathing_off,/Users/jandonyggarofalo/Documents/Desa/UNI/Semestre7/embebidos/esp-csi/examples/get-started/csi_send/data/raw/session_20260812_094809_breathing_off_breathing_off.csv,20.0,40.0,breathing_off,accepted,,trusted_breathing,breathing,2022,57.1,0.00788591,7.254110490731424,0.14494925291519786,50.045863257573146,8.105157563282472,17,2.262442017181136,0.25,15.009870037935963,0.7415469884872437,0.9087614618988377,0.9368265597987352
session_20260812_094809_breathing_off_breathing_off_w00003,session_20260812_094809_breathing_off_breathing_off,/Users/jandonyggarofalo/Documents/Desa/UNI/Semestre7/embebidos/esp-csi/examples/get-started/csi_send/data/raw/session_20260812_094809_breathing_off_breathing_off.csv,25.0,45.0,breathing_off,accepted,,trusted_breathing,breathing,2014,68.678,0.00844867,5.0302953578750165,0.0918658098088434,54.75699140177852,4.400206152463793,15,1.7760854204398682,0.45,15.511283941839654,0.7377529740333557,0.701593485757689,0.9368265597987352
session_20260812_094809_breathing_off_breathing_off_w00004,session_20260812_094809_breathing_off_breathing_off,/Users/jandonyggarofalo/Documents/Desa/UNI/Semestre7/embebidos/esp-csi/examples/get-started/csi_send/data/raw/session_20260812_094809_breathing_off_breathing_off.csv,30.0,50.0,breathing_off,accepted,,trusted_breathing,breathing,2006,68.678,0.00820585,10.778688975528619,0.1951505105409895,55.23269678154096,5.356487042324487,14,1.8522534080412716,0.35000000000000003,29.62615369872648,0.7256004214286804,1.0325659403202623,0.9368265597987352
session_20260812_094809_breathing_off_breathing_off_w00005,session_20260812_094809_breathing_off_breathing_off,/Users/jandonyggarofalo/Documents/Desa/UNI/Semestre7/embebidos/esp-csi/examples/get-started/csi_send/data/raw/session_20260812_094809_breathing_off_breathing_off.csv,35.0,55.0,breathing_off,accepted,,trusted_breathing,breathing,2002,68.678,0.00952563,19.188828776741467,0.3607400995747787,53.19294638801466,11.828296451122407,14,2.061776984656867,0.35000000000000003,55.41664842048948,0.7613680362701416,1.2830484676317273,0.9368265597987352
session_20260812_094809_breathing_off_breathing_off_w00006,session_20260812_094809_breathing_off_breathing_off,/Users/jandonyggarofalo/Documents/Desa/UNI/Semestre7/embebidos/esp-csi/examples/get-started/csi_send/data/raw/session_20260812_094809_breathing_off_breathing_off.csv,40.0,60.0,breathing_off,accepted,,trusted_breathing,breathing,1996,71.053,0.01048973,17.909861424580516,0.34626043118941296,51.723673314354706,17.003192479437892,13,1.9223843418026274,0.45,54.204868894251646,0.8036138415336609,1.253092225560232,0.9368265597987352
session_20260812_094809_breathing_off_breathing_off_w00007,session_20260812_094809_breathing_off_breathing_off,/Users/jandonyggarofalo/Documents/Desa/UNI/Semestre7/embebidos/esp-csi/examples/get-started/csi_send/data/raw/session_20260812_094809_breathing_off_breathing_off.csv,45.0,65.0,breathing_off,accepted,,trusted_breathing,breathing,2004,71.053,0.013859,11.273309474748803,0.2408832796521017,46.799883707095,21.40213078511758,13,2.1878237239424925,0.45,27.907816347948508,0.815704882144928,1.3304570136366678,0.9368265597987352
session_20260812_094809_breathing_off_breathing_off_w00008,session_20260812_094809_breathing_off_breathing_off,/Users/jandonyggarofalo/Documents/Desa/UNI/Semestre7/embebidos/esp-csi/examples/get-started/csi_send/data/raw/session_20260812_094809_breathing_off_breathing_off.csv,50.0,70.0,breathing_off,accepted,,trusted_breathing,breathing,2015,86.694,0.01471774,7.347879965317945,0.13912667355044198,52.814315024940726,6.002727155434499,11,1.818178478159665,0.30000000000000004,25.32328805119345,0.8373709321022034,0.8661620530739699,0.9368265597987352
session_20260812_094809_breathing_off_breathing_off_w00009,session_20260812_094809_breathing_off_breathing_off,/Users/jandonyggarofalo/Documents/Desa/UNI/Semestre7/embebidos/esp-csi/examples/get-started/csi_send/data/raw/session_20260812_094809_breathing_off_breathing_off.csv,55.0,75.0,breathing_off,accepted,,trusted_breathing,breathing,2011,86.694,0.01267249,9.920993938399443,0.20080766957845167,49.405453283616225,14.568833411409784,7,2.1146614939636814,0.30000000000000004,23.1599863346956,0.8322425484657288,1.1634247773519437,0.9368265597987352
session_20260812_094809_breathing_off_breathing_off_w00010,session_20260812_094809_breathing_off_breathing_off,/Users/jandonyggarofalo/Documents/Desa/UNI/Semestre7/embebidos/esp-csi/examples/get-started/csi_send/data/raw/session_20260812_094809_breathing_off_breathing_off.csv,60.0,80.0,breathing_off,accepted,,trusted_breathing,breathing,2020,86.694,0.01087562,11.317759518708861,0.22821928663459512,49.59159975283019,15.942395142939414,9,2.1644408103353743,0.25,32.84492940251676,0.8190261721611023,1.2025535692069091,0.9368265597987352
session_20260812_094809_breathing_off_breathing_off_w00011,session_20260812_094809_breathing_off_breathing_off,/Users/jandonyggarofalo/Documents/Desa/UNI/Semestre7/embebidos/esp-csi/examples/get-started/csi_send/data/raw/session_20260812_094809_breathing_off_breathing_off.csv,65.0,85.0,breathing_off,rejected,time_gap,not_evaluated,,2016,106.126,,,,,,,,,,,,
session_20260812_094809_breathing_off_breathing_off_w00012,session_20260812_094809_breathing_off_breathing_off,/Users/jandonyggarofalo/Documents/Desa/UNI/Semestre7/embebidos/esp-csi/examples/get-started/csi_send/data/raw/session_20260812_094809_breathing_off_breathing_off.csv,70.0,90.0,breathing_off,rejected,time_gap,not_evaluated,,2010,106.126,,,,,,,,,,,,
session_20260812_094809_breathing_off_breathing_off_w00013,session_20260812_094809_breathing_off_breathing_off,/Users/jandonyggarofalo/Documents/Desa/UNI/Semestre7/embebidos/esp-csi/examples/get-started/csi_send/data/raw/session_20260812_094809_breathing_off_breathing_off.csv,75.0,95.0,breathing_off,rejected,time_gap,not_evaluated,,2004,106.126,,,,,,,,,,,,
session_20260812_094809_breathing_off_breathing_off_w00014,session_20260812_094809_breathing_off_breathing_off,/Users/jandonyggarofalo/Documents/Desa/UNI/Semestre7/embebidos/esp-csi/examples/get-started/csi_send/data/raw/session_20260812_094809_breathing_off_breathing_off.csv,80.0,100.0,breathing_off,rejected,time_gap,not_evaluated,,1984,106.126,,,,,,,,,,,,
session_20260812_094809_breathing_off_breathing_off_w00015,session_20260812_094809_breathing_off_breathing_off,/Users/jandonyggarofalo/Documents/Desa/UNI/Semestre7/embebidos/esp-csi/examples/get-started/csi_send/data/raw/session_20260812_094809_breathing_off_breathing_off.csv,85.0,105.0,breathing_off,rejected,time_gap,not_evaluated,,1918,333.882,,,,,,,,,,,,
session_20260812_094809_breathing_off_breathing_off_w00016,session_20260812_094809_breathing_off_breathing_off,/Users/jandonyggarofalo/Documents/Desa/UNI/Semestre7/embebidos/esp-csi/examples/get-started/csi_send/data/raw/session_20260812_094809_breathing_off_breathing_off.csv,90.0,110.0,breathing_off,rejected,time_gap,not_evaluated,,1628,704.03,,,,,,,,,,,,
session_20260812_094809_breathing_off_breathing_off_w00017,session_20260812_094809_breathing_off_breathing_off,/Users/jandonyggarofalo/Documents/Desa/UNI/Semestre7/embebidos/esp-csi/examples/get-started/csi_send/data/raw/session_20260812_094809_breathing_off_breathing_off.csv,95.0,115.0,breathing_off,rejected,time_gap,not_evaluated,,1223,3583.913,,,,,,,,,,,,
session_20260812_094809_breathing_off_breathing_off_w00018,session_20260812_094809_breathing_off_breathing_off,/Users/jandonyggarofalo/Documents/Desa/UNI/Semestre7/embebidos/esp-csi/examples/get-started/csi_send/data/raw/session_20260812_094809_breathing_off_breathing_off.csv,100.0,120.0,breathing_off,rejected,time_gap,not_evaluated,,1115,3583.913,,,,,,,,,,,,
session_20260812_094809_breathing_off_breathing_off_w00019,session_20260812_094809_breathing_off_breathing_off,/Users/jandonyggarofalo/Documents/Desa/UNI/Semestre7/embebidos/esp-csi/examples/get-started/csi_send/data/raw/session_20260812_094809_breathing_off_breathing_off.csv,105.0,125.0,breathing_off,rejected,time_gap,not_evaluated,,1162,3583.913,,,,,,,,,,,,
session_20260812_094809_breathing_off_breathing_off_w00020,session_20260812_094809_breathing_off_breathing_off,/Users/jandonyggarofalo/Documents/Desa/UNI/Semestre7/embebidos/esp-csi/examples/get-started/csi_send/data/raw/session_20260812_094809_breathing_off_breathing_off.csv,110.0,130.0,breathing_off,rejected,time_gap,not_evaluated,,1452,3580.253,,,,,,,,,,,,
session_20260812_094809_breathing_off_breathing_off_w00021,session_20260812_094809_breathing_off_breathing_off,/Users/jandonyggarofalo/Documents/Desa/UNI/Semestre7/embebidos/esp-csi/examples/get-started/csi_send/data/raw/session_20260812_094809_breathing_off_breathing_off.csv,115.0,135.0,breathing_off,accepted,,trusted_breathing,breathing,1861,67.589,0.00901733,16.087259054518665,0.31203295019252897,51.55628290070337,17.245161267497437,15,1.9813147105500415,0.35000000000000003,50.815480572489754,0.7039771676063538,1.2366672600114526,0.9368265597987352
session_20260812_094809_breathing_off_breathing_off_w00022,session_20260812_094809_breathing_off_breathing_off,/Users/jandonyggarofalo/Documents/Desa/UNI/Semestre7/embebidos/esp-csi/examples/get-started/csi_send/data/raw/session_20260812_094809_breathing_off_breathing_off.csv,120.0,140.0,breathing_off,rejected,time_gap,not_evaluated,,2007,289.0,,,,,,,,,,,,
session_20260812_094809_breathing_off_breathing_off_w00023,session_20260812_094809_breathing_off_breathing_off,/Users/jandonyggarofalo/Documents/Desa/UNI/Semestre7/embebidos/esp-csi/examples/get-started/csi_send/data/raw/session_20260812_094809_breathing_off_breathing_off.csv,125.0,145.0,breathing_off,rejected,time_gap,not_evaluated,,2023,289.0,,,,,,,,,,,,
session_20260812_094809_breathing_off_breathing_off_w00024,session_20260812_094809_breathing_off_breathing_off,/Users/jandonyggarofalo/Documents/Desa/UNI/Semestre7/embebidos/esp-csi/examples/get-started/csi_send/data/raw/session_20260812_094809_breathing_off_breathing_off.csv,130.0,150.0,breathing_off,rejected,time_gap,not_evaluated,,2016,289.0,,,,,,,,,,,,
session_20260812_094809_breathing_off_breathing_off_w00025,session_20260812_094809_breathing_off_breathing_off,/Users/jandonyggarofalo/Documents/Desa/UNI/Semestre7/embebidos/esp-csi/examples/get-started/csi_send/data/raw/session_20260812_094809_breathing_off_breathing_off.csv,135.0,155.0,breathing_off,rejected,time_gap,not_evaluated,,2011,289.0,,,,,,,,,,,,
session_20260812_094809_breathing_off_breathing_off_w00026,session_20260812_094809_breathing_off_breathing_off,/Users/jandonyggarofalo/Documents/Desa/UNI/Semestre7/embebidos/esp-csi/examples/get-started/csi_send/data/raw/session_20260812_094809_breathing_off_breathing_off.csv,140.0,160.0,breathing_off,rejected,time_gap,not_evaluated,,1981,117.541,,,,,,,,,,,,
session_20260812_094809_breathing_off_breathing_off_w00027,session_20260812_094809_breathing_off_breathing_off,/Users/jandonyggarofalo/Documents/Desa/UNI/Semestre7/embebidos/esp-csi/examples/get-started/csi_send/data/raw/session_20260812_094809_breathing_off_breathing_off.csv,145.0,165.0,breathing_off,rejected,time_gap,not_evaluated,,1992,117.541,,,,,,,,,,,,
session_20260812_094809_breathing_off_breathing_off_w00028,session_20260812_094809_breathing_off_breathing_off,/Users/jandonyggarofalo/Documents/Desa/UNI/Semestre7/embebidos/esp-csi/examples/get-started/csi_send/data/raw/session_20260812_094809_breathing_off_breathing_off.csv,150.0,170.0,breathing_off,rejected,time_gap,not_evaluated,,1990,117.541,,,,,,,,,,,,
session_20260812_094809_breathing_off_breathing_off_w00029,session_20260812_094809_breathing_off_breathing_off,/Users/jandonyggarofalo/Documents/Desa/UNI/Semestre7/embebidos/esp-csi/examples/get-started/csi_send/data/raw/session_20260812_094809_breathing_off_breathing_off.csv,155.0,175.0,breathing_off,rejected,time_gap,not_evaluated,,1993,117.541,,,,,,,,,,,,
